{
  "scenario_id": "l1_medium_l2_low",
  "description": "Medium L1 (0.3) + Low L2 (0.2) thresholds",
  "agents": {
    "agent_1": {
      "l1_count": 18,
      "l2_count": 6,
      "l1_mus_avg": 0.0,
      "l2_mus_avg": 0.0,
      "l1_mus_min": 0.0,
      "l1_mus_max": 0.0,
      "l2_mus_min": 0.0,
      "l2_mus_max": 0.0,
      "memory_age_days_avg": 5.5
    },
    "agent_2": {
      "l1_count": 18,
      "l2_count": 6,
      "l1_mus_avg": 0.0,
      "l2_mus_avg": 0.0,
      "l1_mus_min": 0.0,
      "l1_mus_max": 0.0,
      "l2_mus_min": 0.0,
      "l2_mus_max": 0.0,
      "memory_age_days_avg": 5.5
    },
    "agent_3": {
      "l1_count": 18,
      "l2_count": 6,
      "l1_mus_avg": 0.0,
      "l2_mus_avg": 0.0,
      "l1_mus_min": 0.0,
      "l1_mus_max": 0.0,
      "l2_mus_min": 0.0,
      "l2_mus_max": 0.0,
      "memory_age_days_avg": 5.5
    },
    "agent_4": {
      "l1_count": 18,
      "l2_count": 6,
      "l1_mus_avg": 0.0,
      "l2_mus_avg": 0.0,
      "l1_mus_min": 0.0,
      "l1_mus_max": 0.0,
      "l2_mus_min": 0.0,
      "l2_mus_max": 0.0,
      "memory_age_days_avg": 5.5
    }
  },
  "pruning_stats": {
    "total_l1_pruned": 21,
    "total_l2_pruned": 8,
    "pruning_events": 5
  },
  "total_l1_count": 72,
  "total_l2_count": 24,
  "total_memories": 96,
  "avg_l1_mus": 0.0,
  "avg_l2_mus": 0.0
}