{
  "timestamp": "2025-05-09 18:47:38",
  "training_examples": 12,
  "test_examples": 3,
  "test_results": [
    {
      "example": {
        "agent_role": "Facilitator",
        "current_situation": "The Knowledge Board has accumulated many ideas, but there's no clear direction. Some agents are getting frustrated.",
        "agent_goal": "Create structure and focus for the group's efforts.",
        "available_actions": [
          "propose_idea",
          "create_project",
          "continue_collaboration",
          "perform_deep_analysis"
        ]
      },
      "chosen_action_intent": "]]\ncreate_project",
      "justification_thought": "]]\nCreating a project will help structure the group's efforts, providing focus and direction for the accumulated ideas. This is essential to prevent frustration among agents and move towards achieving the simulation objective.",
      "processing_time": 1.881094217300415
    },
    {
      "example": {
        "agent_role": "Analyzer",
        "current_situation": "A promising new idea was just posted that could solve multiple problems, but it needs verification.",
        "agent_goal": "Ensure the group's decisions are based on sound analysis.",
        "available_actions": [
          "propose_idea",
          "ask_clarification",
          "perform_deep_analysis",
          "continue_collaboration"
        ]
      },
      "chosen_action_intent": "]]\nperform_deep_analysis",
      "justification_thought": "]]\nBy performing deep analysis, I can verify the potential of this promising new idea and provide valuable insights for the group's decision-making process. This action aligns with my role as an Analyzer.",
      "processing_time": 1.629467248916626
    },
    {
      "example": {
        "agent_role": "Innovator",
        "current_situation": "The group is stuck in analysis paralysis. Multiple analyses suggest different approaches.",
        "agent_goal": "Break through gridlock with creative solutions.",
        "available_actions": [
          "propose_idea",
          "continue_collaboration",
          "idle",
          "ask_clarification"
        ]
      },
      "chosen_action_intent": "]]\npropose_idea",
      "justification_thought": "]]\nBy proposing an idea, I can contribute a creative solution to the current impasse, fulfilling my goal of breaking through gridlock with innovative solutions.",
      "processing_time": 1.450531244277954
    }
  ]
}