{
  "timestamp": "2025-05-09 23:30:22",
  "l1_optimization": {
    "base_model_score": 0.75,
    "optimized_model_score": 1.0,
    "improvement": 0.25,
    "percent_improvement": 33.33333333333333,
    "optimization_method": "BootstrapFewShot",
    "model": "mistral:latest",
    "temperature": 0.1
  },
  "l2_optimization": {
    "base_model_score": 0.75,
    "optimized_model_score": 0.875,
    "improvement": 0.125,
    "percent_improvement": 16.666666666666664,
    "optimization_method": "BootstrapFewShot",
    "model": "mistral:latest",
    "temperature": 0.1
  },
  "summary": {
    "l1_improvement": 0.25,
    "l2_improvement": 0.125,
    "l1_successful": true,
    "l2_successful": true,
    "overall_successful": true
  }
}