{
  "timestamp": "2025-05-09 18:28:35",
  "note": "This is a simulation of expected DSPy outputs, not actual DSPy optimization results",
  "test_examples": 3,
  "test_results": [
    {
      "example": {
        "agent_role": "Facilitator",
        "current_situation": "The Knowledge Board has accumulated many ideas, but there's no clear direction. Some agents are getting frustrated.",
        "agent_goal": "Create structure and focus for the group's efforts.",
        "available_actions": [
          "propose_idea",
          "create_project",
          "continue_collaboration",
          "perform_deep_analysis"
        ]
      },
      "chosen_action_intent": "create_project",
      "justification_thought": "As a Facilitator, my primary responsibility is to create structure and focus for the group. With many accumulated ideas and frustrated agents, creating a project would provide the necessary organization and direction. This action directly addresses my goal of creating structure and focus for the group's efforts, allowing them to work more effectively together on the ideas already present.",
      "processing_time": 1.5
    },
    {
      "example": {
        "agent_role": "Analyzer",
        "current_situation": "A promising new idea was just posted that could solve multiple problems, but it needs verification.",
        "agent_goal": "Ensure the group's decisions are based on sound analysis.",
        "available_actions": [
          "propose_idea",
          "ask_clarification",
          "perform_deep_analysis",
          "continue_collaboration"
        ]
      },
      "chosen_action_intent": "perform_deep_analysis",
      "justification_thought": "As an Analyzer, my role is to ensure decisions are based on sound analysis. With a promising but unverified idea that could solve multiple problems, performing deep analysis is the most appropriate action. This directly supports my goal of ensuring the group's decisions are based on sound analysis by thoroughly evaluating the idea's validity and implications before proceeding.",
      "processing_time": 1.5
    },
    {
      "example": {
        "agent_role": "Innovator",
        "current_situation": "The group is stuck in analysis paralysis. Multiple analyses suggest different approaches.",
        "agent_goal": "Break through gridlock with creative solutions.",
        "available_actions": [
          "propose_idea",
          "continue_collaboration",
          "idle",
          "ask_clarification"
        ]
      },
      "chosen_action_intent": "propose_idea",
      "justification_thought": "As an Innovator facing a group stuck in analysis paralysis, my role is to introduce creative ideas that can break deadlocks. With multiple competing analyses already available, asking for clarification would only add to the paralysis, while idling or continuing collaboration would maintain the status quo. Proposing a new, creative idea that synthesizes or transcends the existing approaches directly fulfills my goal of breaking through the gridlock with creative solutions.",
      "processing_time": 1.5
    }
  ]
}