{
  "scenario_id": "l1_low_l2_medium",
  "description": "Low L1 (0.2) + Medium L2 (0.3) thresholds",
  "agents": {
    "agent_1": {
      "l1_count": 12,
      "l2_count": 9,
      "l1_mus_avg": 0.0,
      "l2_mus_avg": 0.0,
      "l1_mus_min": 0.0,
      "l1_mus_max": 0.0,
      "l2_mus_min": 0.0,
      "l2_mus_max": 0.0,
      "memory_age_days_avg": 6.571428571428571
    },
    "agent_2": {
      "l1_count": 12,
      "l2_count": 9,
      "l1_mus_avg": 0.0,
      "l2_mus_avg": 0.0,
      "l1_mus_min": 0.0,
      "l1_mus_max": 0.0,
      "l2_mus_min": 0.0,
      "l2_mus_max": 0.0,
      "memory_age_days_avg": 6.571428571428571
    },
    "agent_3": {
      "l1_count": 12,
      "l2_count": 9,
      "l1_mus_avg": 0.0,
      "l2_mus_avg": 0.0,
      "l1_mus_min": 0.0,
      "l1_mus_max": 0.0,
      "l2_mus_min": 0.0,
      "l2_mus_max": 0.0,
      "memory_age_days_avg": 6.571428571428571
    },
    "agent_4": {
      "l1_count": 12,
      "l2_count": 9,
      "l1_mus_avg": 0.0,
      "l2_mus_avg": 0.0,
      "l1_mus_min": 0.0,
      "l1_mus_max": 0.0,
      "l2_mus_min": 0.0,
      "l2_mus_max": 0.0,
      "memory_age_days_avg": 6.571428571428571
    }
  },
  "pruning_stats": {
    "total_l1_pruned": 32,
    "total_l2_pruned": 6,
    "pruning_events": 6
  },
  "total_l1_count": 48,
  "total_l2_count": 36,
  "total_memories": 84,
  "avg_l1_mus": 0.0,
  "avg_l2_mus": 0.0
}