{
  "scenario_id": "mus_low",
  "description": "Low MUS thresholds (0.2 for both L1 and L2)",
  "agents": {
    "agent_1": {
      "l1_count": 12,
      "l2_count": 6,
      "l1_mus_avg": 0.0,
      "l2_mus_avg": 0.0,
      "l1_mus_min": 0.0,
      "l1_mus_max": 0.0,
      "l2_mus_min": 0.0,
      "l2_mus_max": 0.0,
      "memory_age_days_avg": 5.666666666666667
    },
    "agent_2": {
      "l1_count": 12,
      "l2_count": 6,
      "l1_mus_avg": 0.0,
      "l2_mus_avg": 0.0,
      "l1_mus_min": 0.0,
      "l1_mus_max": 0.0,
      "l2_mus_min": 0.0,
      "l2_mus_max": 0.0,
      "memory_age_days_avg": 5.666666666666667
    },
    "agent_3": {
      "l1_count": 12,
      "l2_count": 6,
      "l1_mus_avg": 0.0,
      "l2_mus_avg": 0.0,
      "l1_mus_min": 0.0,
      "l1_mus_max": 0.0,
      "l2_mus_min": 0.0,
      "l2_mus_max": 0.0,
      "memory_age_days_avg": 5.666666666666667
    },
    "agent_4": {
      "l1_count": 12,
      "l2_count": 6,
      "l1_mus_avg": 0.0,
      "l2_mus_avg": 0.0,
      "l1_mus_min": 0.0,
      "l1_mus_max": 0.0,
      "l2_mus_min": 0.0,
      "l2_mus_max": 0.0,
      "memory_age_days_avg": 5.666666666666667
    }
  },
  "pruning_stats": {
    "total_l1_pruned": 32,
    "total_l2_pruned": 8,
    "pruning_events": 6
  },
  "total_l1_count": 48,
  "total_l2_count": 24,
  "total_memories": 72,
  "avg_l1_mus": 0.0,
  "avg_l2_mus": 0.0
}