{
  "scenario_id": "mus_very_low",
  "description": "Very low MUS thresholds (0.1 for both L1 and L2)",
  "agents": {
    "agent_1": {
      "l1_count": 6,
      "l2_count": 3,
      "l1_mus_avg": 0.0,
      "l2_mus_avg": 0.0,
      "l1_mus_min": 0.0,
      "l1_mus_max": 0.0,
      "l2_mus_min": 0.0,
      "l2_mus_max": 0.0,
      "memory_age_days_avg": 5.111111111111111
    },
    "agent_2": {
      "l1_count": 6,
      "l2_count": 3,
      "l1_mus_avg": 0.0,
      "l2_mus_avg": 0.0,
      "l1_mus_min": 0.0,
      "l1_mus_max": 0.0,
      "l2_mus_min": 0.0,
      "l2_mus_max": 0.0,
      "memory_age_days_avg": 5.111111111111111
    },
    "agent_3": {
      "l1_count": 6,
      "l2_count": 3,
      "l1_mus_avg": 0.0,
      "l2_mus_avg": 0.0,
      "l1_mus_min": 0.0,
      "l1_mus_max": 0.0,
      "l2_mus_min": 0.0,
      "l2_mus_max": 0.0,
      "memory_age_days_avg": 5.111111111111111
    },
    "agent_4": {
      "l1_count": 6,
      "l2_count": 3,
      "l1_mus_avg": 0.0,
      "l2_mus_avg": 0.0,
      "l1_mus_min": 0.0,
      "l1_mus_max": 0.0,
      "l2_mus_min": 0.0,
      "l2_mus_max": 0.0,
      "memory_age_days_avg": 5.111111111111111
    }
  },
  "pruning_stats": {
    "total_l1_pruned": 36,
    "total_l2_pruned": 8,
    "pruning_events": 6
  },
  "total_l1_count": 24,
  "total_l2_count": 12,
  "total_memories": 36,
  "avg_l1_mus": 0.0,
  "avg_l2_mus": 0.0
}