{
  "scenarios": {
    "baseline": {
      "id": "baseline",
      "description": "Baseline with standard age-based pruning only (MUS pruning disabled)",
      "memory_metrics": {
        "total_memories": 180,
        "l1_count": 120,
        "l2_count": 60,
        "pruned_l1": 0,
        "pruned_l2": 0,
        "avg_l1_mus": 0.0,
        "avg_l2_mus": 0.0
      },
      "rag_assessment": {
        "avg_score": 0.0,
        "query_count": 0,
        "success_rate": 0.0
      },
      "overall_score": 0.5,
      "memory_efficiency_score": 0.5
    },
    "mus_very_low": {
      "id": "mus_very_low",
      "description": "Very low MUS thresholds (0.1 for both L1 and L2)",
      "memory_metrics": {
        "total_memories": 36,
        "l1_count": 24,
        "l2_count": 12,
        "pruned_l1": 36,
        "pruned_l2": 8,
        "avg_l1_mus": 0.0,
        "avg_l2_mus": 0.0
      },
      "rag_assessment": {
        "avg_score": 0.0,
        "query_count": 0,
        "success_rate": 0.0
      },
      "overall_score": 1.3,
      "memory_efficiency_score": 1.3
    },
    "mus_low": {
      "id": "mus_low",
      "description": "Low MUS thresholds (0.2 for both L1 and L2)",
      "memory_metrics": {
        "total_memories": 72,
        "l1_count": 48,
        "l2_count": 24,
        "pruned_l1": 32,
        "pruned_l2": 8,
        "avg_l1_mus": 0.0,
        "avg_l2_mus": 0.0
      },
      "rag_assessment": {
        "avg_score": 0.0,
        "query_count": 0,
        "success_rate": 0.0
      },
      "overall_score": 1.1,
      "memory_efficiency_score": 1.1
    },
    "mus_medium_low": {
      "id": "mus_medium_low",
      "description": "Medium-low MUS thresholds (0.25 for both L1 and L2)",
      "memory_metrics": {
        "total_memories": 88,
        "l1_count": 60,
        "l2_count": 28,
        "pruned_l1": 21,
        "pruned_l2": 6,
        "avg_l1_mus": 0.0,
        "avg_l2_mus": 0.0
      },
      "rag_assessment": {
        "avg_score": 0.0,
        "query_count": 0,
        "success_rate": 0.0
      },
      "overall_score": 1.011111111111111,
      "memory_efficiency_score": 1.011111111111111
    },
    "mus_medium": {
      "id": "mus_medium",
      "description": "Medium MUS thresholds (0.3 for both L1 and L2)",
      "memory_metrics": {
        "total_memories": 108,
        "l1_count": 72,
        "l2_count": 36,
        "pruned_l1": 21,
        "pruned_l2": 6,
        "avg_l1_mus": 0.0,
        "avg_l2_mus": 0.0
      },
      "rag_assessment": {
        "avg_score": 0.0,
        "query_count": 0,
        "success_rate": 0.0
      },
      "overall_score": 0.9,
      "memory_efficiency_score": 0.9
    },
    "mus_medium_high": {
      "id": "mus_medium_high",
      "description": "Medium-high MUS thresholds (0.35 for both L1 and L2)",
      "memory_metrics": {
        "total_memories": 124,
        "l1_count": 84,
        "l2_count": 40,
        "pruned_l1": 18,
        "pruned_l2": 3,
        "avg_l1_mus": 0.0,
        "avg_l2_mus": 0.0
      },
      "rag_assessment": {
        "avg_score": 0.0,
        "query_count": 0,
        "success_rate": 0.0
      },
      "overall_score": 0.8111111111111111,
      "memory_efficiency_score": 0.8111111111111111
    },
    "mus_high": {
      "id": "mus_high",
      "description": "High MUS thresholds (0.4 for both L1 and L2)",
      "memory_metrics": {
        "total_memories": 144,
        "l1_count": 96,
        "l2_count": 48,
        "pruned_l1": 18,
        "pruned_l2": 3,
        "avg_l1_mus": 0.0,
        "avg_l2_mus": 0.0
      },
      "rag_assessment": {
        "avg_score": 0.0,
        "query_count": 0,
        "success_rate": 0.0
      },
      "overall_score": 0.7,
      "memory_efficiency_score": 0.7
    },
    "mus_very_high": {
      "id": "mus_very_high",
      "description": "Very high MUS thresholds (0.5 for both L1 and L2)",
      "memory_metrics": {
        "total_memories": 180,
        "l1_count": 120,
        "l2_count": 60,
        "pruned_l1": 10,
        "pruned_l2": 2,
        "avg_l1_mus": 0.0,
        "avg_l2_mus": 0.0
      },
      "rag_assessment": {
        "avg_score": 0.0,
        "query_count": 0,
        "success_rate": 0.0
      },
      "overall_score": 0.5,
      "memory_efficiency_score": 0.5
    },
    "l1_low_l2_medium": {
      "id": "l1_low_l2_medium",
      "description": "Low L1 (0.2) + Medium L2 (0.3) thresholds",
      "memory_metrics": {
        "total_memories": 84,
        "l1_count": 48,
        "l2_count": 36,
        "pruned_l1": 32,
        "pruned_l2": 6,
        "avg_l1_mus": 0.0,
        "avg_l2_mus": 0.0
      },
      "rag_assessment": {
        "avg_score": 0.0,
        "query_count": 0,
        "success_rate": 0.0
      },
      "overall_score": 1.0333333333333332,
      "memory_efficiency_score": 1.0333333333333332
    },
    "l1_medium_l2_low": {
      "id": "l1_medium_l2_low",
      "description": "Medium L1 (0.3) + Low L2 (0.2) thresholds",
      "memory_metrics": {
        "total_memories": 96,
        "l1_count": 72,
        "l2_count": 24,
        "pruned_l1": 21,
        "pruned_l2": 8,
        "avg_l1_mus": 0.0,
        "avg_l2_mus": 0.0
      },
      "rag_assessment": {
        "avg_score": 0.0,
        "query_count": 0,
        "success_rate": 0.0
      },
      "overall_score": 0.9666666666666667,
      "memory_efficiency_score": 0.9666666666666667
    },
    "l1_only": {
      "id": "l1_only",
      "description": "L1 MUS pruning only (medium threshold 0.3)",
      "memory_metrics": {
        "total_memories": 132,
        "l1_count": 72,
        "l2_count": 60,
        "pruned_l1": 21,
        "pruned_l2": 0,
        "avg_l1_mus": 0.0,
        "avg_l2_mus": 0.0
      },
      "rag_assessment": {
        "avg_score": 0.0,
        "query_count": 0,
        "success_rate": 0.0
      },
      "overall_score": 0.7666666666666667,
      "memory_efficiency_score": 0.7666666666666667
    },
    "l2_only": {
      "id": "l2_only",
      "description": "L2 MUS pruning only (medium threshold 0.3)",
      "memory_metrics": {
        "total_memories": 156,
        "l1_count": 120,
        "l2_count": 36,
        "pruned_l1": 0,
        "pruned_l2": 6,
        "avg_l1_mus": 0.0,
        "avg_l2_mus": 0.0
      },
      "rag_assessment": {
        "avg_score": 0.0,
        "query_count": 0,
        "success_rate": 0.0
      },
      "overall_score": 0.6333333333333333,
      "memory_efficiency_score": 0.6333333333333333
    },
    "age_based_only": {
      "id": "age_based_only",
      "description": "Traditional age-based pruning only with short timeframe",
      "memory_metrics": {
        "total_memories": 180,
        "l1_count": 120,
        "l2_count": 60,
        "pruned_l1": 0,
        "pruned_l2": 0,
        "avg_l1_mus": 0.0,
        "avg_l2_mus": 0.0
      },
      "rag_assessment": {
        "avg_score": 0.0,
        "query_count": 0,
        "success_rate": 0.0
      },
      "overall_score": 0.5,
      "memory_efficiency_score": 0.5
    }
  },
  "timestamp": "2025-05-10T18:15:34.525162",
  "summary": {
    "best_memory_efficiency": "mus_very_low",
    "best_rag_performance": null,
    "recommended_configuration": "mus_very_low"
  }
}