{
  "traces": [],
  "train": [],
  "demos": [
    {
      "augmented": true,
      "agent_role": "Facilitator",
      "recent_events": "\n    - Step 12, Thought: I notice that Agent_3 and Agent_4 seem to be talking past each other about the data analysis approach.\n    - Step 12, Broadcast Message: \"I've observed some different perspectives on the data analysis approach. Let's take a step back and clarify our objectives first. What specific insights are we hoping to gain from this analysis?\"\n    - Step 13, Perceived Message: Agent_3 said: \"I'm primarily interested in identifying patterns in user behavior across different demographics.\"\n    - Step 13, Perceived Message: Agent_4 said: \"My focus is on optimizing performance metrics for the recommendation algorithm.\"\n    - Step 14, Thought: These objectives aren't mutually exclusive. I should help them find common ground.\n    - Step 14, Broadcast Message: \"It seems like we have complementary objectives. Agent_3's demographic patterns could inform Agent_4's algorithm optimization. What if we designed a two-phase approach that addresses both?\"\n    - Step 15, Perceived Message: Agent_3 said: \"That makes sense. We could use the demographic insights to create targeted optimization strategies.\"\n    - Step 15, Perceived Message: Agent_4 said: \"I agree. This approach could lead to better personalization as well.\"\n    ",
      "current_mood": "thoughtful",
      "l1_summary": "]\nI observed a disagreement between Agent_3 and Agent_4 regarding the data analysis approach. To help them find common ground, I facilitated a discussion by first clarifying our objectives: identifying patterns in user behavior across different demographics (Agent_3) and optimizing performance metrics for the recommendation algorithm (Agent_4). I proposed a two-phase approach that addressed both objectives, which led to better personalization. My thoughtful facilitation transformed a contentious discussion into a collaborative effort towards a more effective data analysis strategy."
    },
    {
      "augmented": true,
      "agent_role": "Facilitator",
      "recent_events": "\n    - Step 22, Thought: I've noticed that Agent_2 has valuable technical expertise but rarely speaks up in our group discussions.\n    - Step 22, Broadcast Message: \"We've been discussing the security architecture for 15 minutes now. Agent_2, I recall you have experience with zero-knowledge protocols. What insights might you have about applying those concepts to our current challenge?\"\n    - Step 23, Perceived Message: Agent_2 said: \"Thanks for asking. I do think zero-knowledge proofs could help with our privacy concerns while maintaining auditability. I've implemented something similar in a previous project where we needed to verify credentials without exposing sensitive data.\"\n    - Step 23, Thought: This is valuable input. I should encourage elaboration and ensure the group recognizes its value.\n    - Step 23, Broadcast Message: \"That's a fascinating application, Agent_2. Could you tell us a bit more about how that implementation worked and what challenges you encountered? I think this could be highly relevant to what we're trying to achieve.\"\n    - Step 24, Perceived Message: Agent_2 provided a detailed explanation of their previous implementation and key challenges.\n    - Step 24, Perceived Message: Agent_5 said: \"This is exactly what we need for the user verification component. Agent_2, would you be willing to sketch out how this might work with our specific architecture?\"\n    - Step 25, Thought: Agent_2 is now actively engaged and their expertise is being recognized by the group. This is a positive development.\n    - Step 25, Broadcast Message: \"Great discussion developing here. Let's allocate some time in our next meeting specifically for Agent_2 to present a more detailed proposal on integrating zero-knowledge proofs into our security model. Meanwhile, Agent_5, perhaps you and Agent_2 could collaborate offline to begin sketching this out?\"\n    ",
      "current_mood": "inclusive",
      "l1_summary": "]\nI recognized that Agent_2 had valuable technical expertise but was not actively participating in our group discussions. To encourage their involvement, I intentionally invited them to share their insights about zero-knowledge protocols and their potential application to our current challenge. After Agent_2 provided a detailed explanation of their previous implementation and key challenges, the group recognized its relevance for the user verification component. I then allocated time in our next meeting specifically for Agent_2 to present a more detailed proposal on integrating zero-knowledge proofs into our security model, fostering collaboration between Agent_2 and Agent_5 offline. My inclusive facilitation not only engaged Agent_2 but also leveraged their expertise to benefit the group as a whole."
    },
    {
      "agent_role": "Facilitator",
      "recent_events": "\n    - Step 70, Perceived Message: Agent_2 said: \"I'll be rotating to another project next week, so we need to transition my responsibilities on the authentication module.\"\n    - Step 70, Thought: This transition needs careful facilitation to ensure knowledge transfer and continuity.\n    - Step 70, Broadcast Message: \"Thank you for letting us know, Agent_2. Let's ensure a smooth handover of the authentication module. First, could you outline the key components you're currently responsible for and any ongoing work that will need continued attention?\"\n    - Step 71, Perceived Message: Agent_2 provided a detailed breakdown of their responsibilities and ongoing initiatives.\n    - Step 71, Broadcast Message: \"That's very helpful. Now we need to identify who will take over these responsibilities. Based on the technical requirements and current workloads, Agent_5 and Agent_6 seem like potential candidates. Would either of you be willing and able to take on the authentication module?\"\n    - Step 72, Perceived Message: Agent_5 said they could handle the session management components but had limited bandwidth for the identity provider integration.\n    - Step 72, Perceived Message: Agent_6 said they were familiar with identity provider systems and could potentially take that portion.\n    - Step 72, Broadcast Message: \"It sounds like we might benefit from splitting the responsibilities. Agent_5 handling session management and Agent_6 taking on the identity provider integration could be a good division of labor. What do you all think of this approach?\"\n    - Step 73, Perceived Message: Agents 2, 5, and 6 all agreed this could work well.\n    - Step 73, Broadcast Message: \"Excellent. Let's schedule two knowledge transfer sessions: one focusing on session management for Agent_5, and another on identity provider integration for Agent_6. Agent_2, could you also prepare documentation covering key design decisions, known issues, and future development plans? And let's set up a follow-up check-in two weeks after the transition to address any questions that arise.\"\n    - Step 74, Perceived Message: Agent_2 agreed to the knowledge transfer sessions and documentation.\n    ",
      "current_mood": "supportive",
      "l1_summary": "When Agent_2 announced their upcoming rotation to another project requiring authentication module handover, I implemented a structured transition process to ensure knowledge preservation and project continuity. I first elicited a comprehensive inventory of Agent_2's responsibilities and ongoing work to fully understand the handover scope. Recognizing the complexity of the module, I then facilitated role matching by identifying potential candidates (Agents 5 and 6) based on their technical capabilities and current workloads. When Agent_5 expressed capacity to handle only session management while Agent_6 offered familiarity with identity provider systems, I proposed splitting responsibilities rather than forcing a complete handover to a single agent. After securing agreement on this division of labor, I established a specific transition framework including dedicated knowledge transfer sessions tailored to each agent's new responsibility area, comprehensive documentation requirements covering design decisions and known issues, and a scheduled follow-up check-in to address post-transition questions. My supportive facilitation transformed a potential project disruption into a structured knowledge transfer with clear ownership and accountability mechanisms."
    }
  ],
  "signature": {
    "instructions": "Generates a concise L1 summary from recent agent events, considering the agent's role, \ncontext, and optionally mood.",
    "fields": [
      {
        "prefix": "Agent Role:",
        "description": "The current role of the agent (e.g., 'Data Analyst', 'Philosopher')."
      },
      {
        "prefix": "Recent Events:",
        "description": "A chronological series of recent memory events (thoughts, actions, perceived messages) for the agent that need to be summarized into an L1 summary. This is the context from the agent's short-term memory."
      },
      {
        "prefix": "Current Mood:",
        "description": "The agent's current mood (e.g., 'curious', 'frustrated'), which may influence the summary's tone or focus."
      },
      {
        "prefix": "L 1 Summary:",
        "description": "A concise and informative L1 summary of the recent events, capturing key insights or developments relevant to the agent's role and ongoing activities."
      }
    ]
  },
  "lm": null,
  "metadata": {
    "dependency_versions": {
      "python": "3.11",
      "dspy": "2.6.23",
      "cloudpickle": "3.1"
    }
  }
}