{
  "scenario_id": "mus_medium_high",
  "description": "Medium-high MUS thresholds (0.35 for both L1 and L2)",
  "agents": {
    "agent_1": {
      "l1_count": 21,
      "l2_count": 10,
      "l1_mus_avg": 0.0,
      "l2_mus_avg": 0.0,
      "l1_mus_min": 0.0,
      "l1_mus_max": 0.0,
      "l2_mus_min": 0.0,
      "l2_mus_max": 0.0,
      "memory_age_days_avg": 6.387096774193548
    },
    "agent_2": {
      "l1_count": 21,
      "l2_count": 10,
      "l1_mus_avg": 0.0,
      "l2_mus_avg": 0.0,
      "l1_mus_min": 0.0,
      "l1_mus_max": 0.0,
      "l2_mus_min": 0.0,
      "l2_mus_max": 0.0,
      "memory_age_days_avg": 6.387096774193548
    },
    "agent_3": {
      "l1_count": 21,
      "l2_count": 10,
      "l1_mus_avg": 0.0,
      "l2_mus_avg": 0.0,
      "l1_mus_min": 0.0,
      "l1_mus_max": 0.0,
      "l2_mus_min": 0.0,
      "l2_mus_max": 0.0,
      "memory_age_days_avg": 6.387096774193548
    },
    "agent_4": {
      "l1_count": 21,
      "l2_count": 10,
      "l1_mus_avg": 0.0,
      "l2_mus_avg": 0.0,
      "l1_mus_min": 0.0,
      "l1_mus_max": 0.0,
      "l2_mus_min": 0.0,
      "l2_mus_max": 0.0,
      "memory_age_days_avg": 6.387096774193548
    }
  },
  "pruning_stats": {
    "total_l1_pruned": 18,
    "total_l2_pruned": 3,
    "pruning_events": 4
  },
  "total_l1_count": 84,
  "total_l2_count": 40,
  "total_memories": 124,
  "avg_l1_mus": 0.0,
  "avg_l2_mus": 0.0
}