{
  "baseline_results": [
    {
      "scenario": "baseline",
      "run_number": 0,
      "num_memories": 500,
      "num_queries": 50,
      "timestamp": "2025-05-10T16:29:37.899091",
      "raw_memories_add_time": 24.248243199999706,
      "l1_summaries_add_time": 3.3163907999987714,
      "l2_summaries_add_time": 0.4085030000023835,
      "total_add_time": 27.97313700000086,
      "memory_ids": [
        "agent_3_1_thought_317f94cb-bed0-44c9-bf92-19fb8550c38b",
        "agent_0_2_broadcast_perceived_4259d889-7000-4890-80f4-c0d3f88b0810",
        "agent_4_3_broadcast_perceived_294bbb06-b9b3-43af-91ab-743e4f02c22d",
        "agent_4_4_broadcast_perceived_e93d50fd-1b1f-474b-b36c-6be2717b1672",
        "agent_0_5_thought_492ee1d9-bf20-41f0-bb27-d1c86cba961b",
        "agent_4_6_broadcast_perceived_b9286074-2dc4-4212-a4ea-eb3953e9f919",
        "agent_3_7_broadcast_perceived_43169e2e-bf28-435f-8710-0e130beae334",
        "agent_1_8_thought_77ca9b76-9834-4bd9-b09d-a16205b34a80",
        "agent_2_9_broadcast_perceived_06f080aa-65d1-43e4-bf1f-9a54be88a675",
        "agent_3_10_thought_2d1e50c8-02b1-4fda-91d3-b1fac7493770",
        "agent_3_11_broadcast_sent_e8e457ec-dbad-4362-b154-a10b4db1891b",
        "agent_0_12_thought_88439cfa-aba4-442f-af73-e39a18cb3be3",
        "agent_2_13_broadcast_perceived_7350c993-27c2-42d7-8b9b-bc89177f316a",
        "agent_1_14_thought_88eee1eb-c596-4a91-b3d1-070d206bc186",
        "agent_0_15_broadcast_sent_7d02874e-cb98-4711-ba8d-ba8c5a0b6821",
        "agent_4_16_thought_d3c0aa37-f2a1-4569-b7d7-cf1d76675458",
        "agent_2_17_thought_c02c50a8-d069-47e8-a4e4-c6f3b7244fcc",
        "agent_4_18_broadcast_perceived_2e569c47-e906-47f6-aa78-9bed44b7b839",
        "agent_1_19_thought_ad229bff-80c3-484e-bdd5-c8552bae3011",
        "agent_3_20_thought_d3a3df8c-e3a1-428f-a324-6faf5b1be8a7",
        "agent_4_21_thought_afaeac50-299c-48ce-8c3e-de6363dd97b0",
        "agent_2_22_thought_5420538f-2835-4b27-bdc4-e182003efc14",
        "agent_1_23_broadcast_perceived_aa83a1cf-bfe4-4659-8ad0-59a3211d943a",
        "agent_4_24_broadcast_sent_ea83b693-1da4-4e2f-8209-ce832c09f4de",
        "agent_4_25_broadcast_perceived_188e6956-e6ed-4f93-99b0-76c6e4418122",
        "agent_1_26_thought_e027ab88-d63d-42fe-90b7-dde425a1b568",
        "agent_2_27_broadcast_perceived_4a32fb12-7ee5-4702-9264-efb74cf59aa9",
        "agent_2_28_broadcast_sent_0acb3a67-434a-4d59-8af9-4302e781d9ed",
        "agent_4_29_broadcast_sent_f3d7d40a-eee1-4897-9ec6-02a631429201",
        "agent_3_30_thought_597dc8a5-62cd-4bad-b843-fa3362f4ae3f",
        "agent_0_31_thought_a7c4a3a5-c8d3-48ee-9e56-ef971915ed4a",
        "agent_1_32_thought_b21ccedd-cd93-43d0-9520-85ad90dcf4ad",
        "agent_0_33_broadcast_sent_8d4eaa63-0c80-48af-b5f8-c6a4c3b6ffb6",
        "agent_0_34_thought_8f4886fd-6bfb-426d-b4f8-e4f40e01707f",
        "agent_1_35_broadcast_perceived_c4190faa-d48a-4ad6-983a-43940b26be4d",
        "agent_4_36_broadcast_perceived_85107685-ece2-4391-823b-afe3f70e71df",
        "agent_1_37_broadcast_perceived_1805fe37-8721-4a87-ba65-0bbc13787336",
        "agent_3_38_broadcast_sent_c33c106d-8618-43e2-a843-992765c92fa0",
        "agent_2_39_broadcast_sent_2a8c2789-3669-4498-87b7-68e9fcd124bd",
        "agent_2_40_broadcast_sent_e7514723-20fb-4816-949c-beea6228e07d",
        "agent_3_41_thought_70fbe512-de24-4159-817b-ba6cd1eef30e",
        "agent_0_42_broadcast_perceived_c6fcf4f0-1ab1-457e-a9da-83bb2df90041",
        "agent_2_43_thought_6c1c6dfe-474b-472e-b2e8-b2af28994f6e",
        "agent_1_44_broadcast_sent_2f6cdd04-95f2-4dd8-a7c5-4143c5ed379f",
        "agent_4_45_broadcast_sent_7c440ffc-b98f-4055-b49f-5874a72778d7",
        "agent_0_46_broadcast_sent_72746ca1-ebbd-4f49-b65f-2a7eb0b54216",
        "agent_4_47_broadcast_sent_692749cf-8e4d-427f-a805-d178205705c5",
        "agent_0_48_broadcast_perceived_ee91142e-9ea1-4333-8fba-bbc73be1236a",
        "agent_4_49_broadcast_perceived_32c7d8bd-7483-4934-99e8-415b4fa32eac",
        "agent_0_50_thought_593c028c-6028-4ad6-bd8b-7f2371a7c4bb",
        "agent_4_51_broadcast_sent_ca0386f4-e84a-463d-b4a0-e4ef04c0954b",
        "agent_0_52_broadcast_sent_c972ff4f-e705-4187-a7d0-62bd9a6d6f4c",
        "agent_3_53_broadcast_perceived_54e48630-75f6-4267-b695-6a69d03e153c",
        "agent_1_54_broadcast_sent_d9365d73-74a9-4c0b-b773-6a8e87cd8176",
        "agent_2_55_broadcast_perceived_5b3fe64c-ab7f-4406-aad8-4238b6d76d54",
        "agent_1_56_broadcast_sent_84f800ae-5055-4e2e-8138-4161a88f0278",
        "agent_0_57_broadcast_sent_b092f925-dbc8-477a-a2f4-42c6ce6c11fc",
        "agent_0_58_broadcast_perceived_d2f13e31-0a63-449d-a75f-e01ec9dd6460",
        "agent_1_59_thought_23b37f11-4e40-4f44-8ea6-611289c677cc",
        "agent_0_60_broadcast_sent_b2c00282-2f28-4c37-be04-3f7adc140e09",
        "agent_3_61_broadcast_sent_17833384-6a33-4960-9c5e-4b5a593f75c0",
        "agent_2_62_thought_aaee661b-ad20-4079-9cd4-1598bf6f0849",
        "agent_4_63_broadcast_sent_27ce99aa-de94-426b-82dc-10875c7ba279",
        "agent_4_64_broadcast_sent_8c7fdb6b-535c-43a2-b8e9-1a33247f7722",
        "agent_0_65_broadcast_perceived_f9eb1907-8ee9-4503-9ab7-d790ec696731",
        "agent_2_66_broadcast_perceived_25c041a8-3cdb-4d2c-be18-5453cf545bd6",
        "agent_3_67_broadcast_perceived_21e50b45-f8aa-400c-8922-f0cdc22a0e12",
        "agent_4_68_thought_0a508517-c70d-4966-a2f8-93899c3b97cb",
        "agent_2_69_thought_0c32c583-f942-4af7-a731-de2467ea22bc",
        "agent_0_70_thought_b1664c47-999a-4dec-ba26-08b78cf04420",
        "agent_2_71_broadcast_perceived_70f8575a-4008-4b9c-9888-43c4561ca2ba",
        "agent_0_72_broadcast_perceived_469231cd-7141-4f7d-9a81-01934a441e0f",
        "agent_0_73_broadcast_sent_bc27854e-09cc-4613-9fb6-38e47c7c7e63",
        "agent_4_74_broadcast_sent_48021751-7d19-42f3-a70d-b2d51d4ddbe2",
        "agent_2_75_broadcast_perceived_eaac1e1a-71ef-4200-b396-fe98a22341cc",
        "agent_3_76_thought_1c24f501-47cb-4d21-8ec9-b088f5ff6c69",
        "agent_4_77_thought_a105555d-cc94-40c3-822f-6002836b5779",
        "agent_1_78_broadcast_perceived_e2537836-4dce-41e6-94ec-8a8ae7175636",
        "agent_0_79_broadcast_perceived_11a9e797-bab1-4bb0-b913-bea3082b96cc",
        "agent_0_80_broadcast_perceived_b42c26ce-ccf2-4789-b0fc-c774e92f84f1",
        "agent_3_81_thought_534394d3-f150-4c86-9e45-bab1dae5d4f4",
        "agent_0_82_broadcast_perceived_9aba7967-050a-4dc2-8e50-e39f4637b2e1",
        "agent_1_83_thought_882ac518-eb70-4482-8646-20c28e8c0bce",
        "agent_1_84_broadcast_sent_9c7f3024-a479-4372-afbc-b43aa2c588ce",
        "agent_3_85_broadcast_sent_0f5e1dc2-80c3-4bd2-9be5-2b4f5f882e96",
        "agent_1_86_broadcast_perceived_06691837-fa14-4974-a965-94b7d7051d46",
        "agent_4_87_thought_e6a4339c-307b-4405-a852-f03f637e6654",
        "agent_1_88_broadcast_perceived_a0a439c3-f4d4-4c15-983d-9c038ba36781",
        "agent_0_89_broadcast_perceived_9314c6d6-13aa-4dc5-ac1f-2cc625d47e2c",
        "agent_4_90_broadcast_sent_ce5b37f6-c349-47cb-803f-4af0c684e220",
        "agent_3_91_thought_33af18da-9386-4607-bb65-768de72e2639",
        "agent_0_92_broadcast_sent_0ed87c1e-aebb-4ba6-8581-87100c7b7949",
        "agent_4_93_thought_d866be6f-acd8-4475-8887-1de3181fa352",
        "agent_1_94_thought_e97eb1eb-3a18-416a-8c00-65d5494afaca",
        "agent_0_95_broadcast_perceived_98d9134b-af95-4925-8bcb-cc96f0925f57",
        "agent_2_96_broadcast_sent_2d573042-c54e-4a08-8236-bde844f84e55",
        "agent_3_97_thought_6c672d05-1239-4a5b-9e69-4f874b31c3eb",
        "agent_4_98_broadcast_perceived_06cec3d9-90c1-4777-81a5-cb14083fddce",
        "agent_4_99_broadcast_sent_cfe2978e-f387-4720-bb7b-12619b9f35f1",
        "agent_0_100_thought_69f233eb-851a-4f74-80b4-29ec7c9db5ac",
        "agent_1_101_broadcast_sent_2642c577-d38f-4832-ba1e-dcd6ec7979f5",
        "agent_4_102_broadcast_perceived_a0d289e3-69d7-429a-8be0-492b1b60c215",
        "agent_0_103_broadcast_sent_1b59bf0d-e8f3-41dd-bf3c-c70415dbfd12",
        "agent_1_104_thought_a49cbe5f-d949-4edd-b015-df098174ff8f",
        "agent_4_105_broadcast_sent_52643578-e959-46cb-9dfc-6eb4ec0bf83f",
        "agent_0_106_broadcast_sent_59853c5a-ad50-41a4-9e39-32e90acd575b",
        "agent_3_107_broadcast_perceived_bea97c46-e1ef-44d5-a4f9-3db5ec64ec66",
        "agent_3_108_broadcast_sent_bf542a91-3ea7-4680-bf07-9b23268c5a91",
        "agent_0_109_broadcast_sent_985bb96b-2309-44b0-bd86-f7fe0e168db9",
        "agent_0_110_broadcast_perceived_2d697f7d-b25f-4327-9d02-b27cd3ca3520",
        "agent_3_111_broadcast_perceived_3d47ce42-a197-462c-a0d7-7e795cafd717",
        "agent_4_112_broadcast_sent_daa21bb1-1475-4b4b-95fe-b97ca9dbc1fc",
        "agent_1_113_broadcast_perceived_29541b7c-d328-4978-a84d-74d5d6a53d88",
        "agent_3_114_thought_7b18ceaa-1f04-464d-bf16-100d698941b0",
        "agent_2_115_broadcast_perceived_74c093bf-3940-49ed-9730-d8adba1c6f8c",
        "agent_4_116_broadcast_perceived_e0173f5c-9f15-41f9-b2d0-d46cd19ea03e",
        "agent_2_117_broadcast_perceived_7226a275-dfde-4804-8c64-a2477c2bb410",
        "agent_3_118_thought_b37b7872-a824-4700-9df8-de9a80036fc4",
        "agent_4_119_broadcast_perceived_190d33ce-e323-4a71-a6f3-60076b233853",
        "agent_2_120_thought_8578e853-7889-4b79-8cb0-e6ecd00b1fd2",
        "agent_4_121_broadcast_perceived_5138ba9c-3bde-48ff-82c0-dde1eed2eb24",
        "agent_1_122_broadcast_perceived_1fd4338e-ee26-473f-abce-4b249c8aa04f",
        "agent_2_123_broadcast_perceived_e6d36a41-b4db-4c6a-865a-65714809a906",
        "agent_0_124_broadcast_perceived_b345588f-5a3d-4946-a02c-c8778cc387a8",
        "agent_1_125_broadcast_perceived_ed390423-0913-4c8f-b86f-e1f94c0c465d",
        "agent_1_126_broadcast_perceived_1f0efc98-503c-406c-975e-c85c1cb90895",
        "agent_1_127_thought_a40ba74c-4a0c-456e-8f54-cfdae49647fa",
        "agent_4_128_broadcast_perceived_95b3817c-0f50-4a11-9724-b93b07c3f80f",
        "agent_0_129_broadcast_perceived_02c6c221-a461-456c-86a8-ebc70fd1f43b",
        "agent_2_130_thought_d01f2fea-a41a-400d-b8da-aad50dcde1ee",
        "agent_3_131_broadcast_sent_dcef34e9-5469-4d84-8090-586a5a344143",
        "agent_3_132_broadcast_perceived_2d71415d-2b18-4833-b7f4-f5f66c11c32f",
        "agent_2_133_thought_04a68b95-55cd-4c92-8b16-f37a37505f00",
        "agent_0_134_broadcast_perceived_4fe14cd6-81d5-4f5f-82c1-8a45749d2695",
        "agent_0_135_broadcast_sent_b367e318-4c72-41d9-96b9-872e8f46ad9b",
        "agent_4_136_thought_3dc28256-c18c-4051-8d90-29af74717969",
        "agent_3_137_broadcast_sent_e9184f31-8993-45e5-8f3f-8a2758f96f81",
        "agent_4_138_broadcast_sent_645fc8d5-86dc-4f90-9148-a184913331b1",
        "agent_2_139_broadcast_sent_a1cdd87f-2f0f-414e-a6b0-6727b1d8a754",
        "agent_4_140_broadcast_sent_4e3c3daf-843c-4ddb-89c8-3a791638f778",
        "agent_0_141_thought_564bfd10-0477-46e8-befb-3eb503bcfcd5",
        "agent_3_142_broadcast_sent_96849c9b-5c17-4b8c-84c0-3e52b105e380",
        "agent_0_143_thought_2511ab6b-6ddc-48e4-9ff6-86a800b24568",
        "agent_3_144_thought_313fd0bd-1002-47ce-9543-4d54e42ea2cc",
        "agent_0_145_thought_c4dd8f09-c360-4c6c-b99e-277bc15c5b3e",
        "agent_0_146_thought_ee6ca3ee-b275-4131-96e9-dc25387cf94d",
        "agent_2_147_broadcast_sent_127e4b1b-39a5-4be2-b795-bc0c339380eb",
        "agent_3_148_broadcast_perceived_bc37618a-703b-4eed-b16c-7b2f35c5ebb3",
        "agent_3_149_thought_7808f8bd-d0a0-4e2b-8acf-137a08b00af3",
        "agent_2_150_broadcast_perceived_76fbd6d9-d90f-49c5-84cb-715e084ac644",
        "agent_0_151_broadcast_sent_9194291b-fa96-42af-a837-04c48a3c8617",
        "agent_4_152_thought_6fdf3cae-ed48-4e35-ad30-cffdf4081b44",
        "agent_4_153_broadcast_perceived_4b6be233-0070-4a76-9cf0-810942ab61a4",
        "agent_2_154_broadcast_perceived_2b7722a5-a088-4061-b56b-8781a78054ae",
        "agent_2_155_broadcast_sent_c4a6f1e8-30c7-4076-893d-a5e5bf750f71",
        "agent_1_156_thought_b5d19292-bfb0-4975-999f-06e334819876",
        "agent_1_157_broadcast_perceived_cfb329fb-0c26-449c-9907-6ec2efff271f",
        "agent_0_158_broadcast_sent_05260195-e4f6-499d-92b4-d793e34a9745",
        "agent_1_159_thought_68028ee2-f7fa-402f-a3b9-da8a91b52d33",
        "agent_4_160_thought_34939a99-51df-4787-aa1e-c95dd2717baf",
        "agent_0_161_broadcast_perceived_885b9689-aa7a-4c30-a45b-63044dd47679",
        "agent_4_162_broadcast_sent_17ea30aa-4202-4951-b4df-bf274a357c1f",
        "agent_3_163_broadcast_perceived_b199ac94-84aa-4f8e-b4ea-8e003f97ec46",
        "agent_0_164_broadcast_sent_11107a8b-5e43-407d-9c1c-d84ea5ef9e9c",
        "agent_4_165_thought_3907f40b-18dc-4545-b157-d26600c90d66",
        "agent_3_166_broadcast_sent_6b671f44-1ca9-4e3c-b0ca-b0d8d6e45edf",
        "agent_3_167_broadcast_perceived_bddf0e60-cd9b-4db8-a943-42aa54bb4717",
        "agent_1_168_broadcast_sent_5cb2c3b3-3c6c-4326-979c-f8004f344d24",
        "agent_2_169_broadcast_sent_4751cf33-ebfc-4289-bd07-0a0153a30475",
        "agent_3_170_broadcast_perceived_66fe86d0-6238-452c-9838-c7742d1b0629",
        "agent_3_171_broadcast_perceived_d9721376-16c3-4e83-aec8-9cf62191eeab",
        "agent_3_172_thought_b9ebda83-7a62-4e5d-b887-db43c2c9af3a",
        "agent_3_173_broadcast_perceived_51842213-19e6-4120-961a-91a446d40aea",
        "agent_1_174_broadcast_sent_e3f76670-50db-4dab-8e5d-ee36618e936c",
        "agent_2_175_broadcast_sent_8aa74410-4e54-471f-980a-072aaf2358e8",
        "agent_3_176_broadcast_sent_c248814d-81c9-414d-bc21-279f64ab7f44",
        "agent_3_177_broadcast_sent_31bc860b-7ee3-4c10-983f-8c6cc1a16031",
        "agent_3_178_broadcast_perceived_5d0c1603-94ed-4551-b46a-eba448762c2a",
        "agent_0_179_broadcast_sent_160a4091-24b8-48f8-b2db-510f6334a72e",
        "agent_1_180_broadcast_perceived_ad8a487f-2364-4de5-b000-953fe4057800",
        "agent_4_181_broadcast_perceived_509629af-abfa-4b6e-b16d-07c973f9ab9d",
        "agent_4_182_thought_383ddaae-dfe4-4351-a883-3cd8f76b4722",
        "agent_0_183_broadcast_perceived_6cb73a4e-b5cd-48b1-a9f8-6fce07ab4084",
        "agent_4_184_broadcast_sent_c2030188-349d-4b18-ba52-2cb50e25cbed",
        "agent_4_185_broadcast_sent_16c24ae5-e0d6-452c-8dd1-9753c2af5e84",
        "agent_1_186_broadcast_perceived_7df2553b-45d8-4d6a-9945-d2e7c44aa81f",
        "agent_4_187_thought_a6ce8a1d-a4f0-4afd-aba6-c340eff94af5",
        "agent_0_188_thought_2d77a264-b9ba-46f9-977b-35412eaa038a",
        "agent_0_189_broadcast_sent_bf4ef6aa-ca7f-407b-b2d9-78385246e2ce",
        "agent_4_190_broadcast_sent_0a7827b8-0161-443f-9c4b-bd0c46155c2d",
        "agent_2_191_thought_ed41c742-e813-4b3a-9d36-5b1219529309",
        "agent_1_192_broadcast_perceived_6654cf91-4ec9-4b55-bc10-dc7edb053529",
        "agent_1_193_broadcast_perceived_2b2ee33d-be29-4005-9a02-abf822dde537",
        "agent_2_194_broadcast_sent_32224c53-79c8-4ae8-be31-977493597f7e",
        "agent_3_195_broadcast_sent_fc59609a-a259-4054-a1ad-9b708eef1c33",
        "agent_1_196_thought_8aa8809b-d5c1-4db0-948b-42f22fef4729",
        "agent_2_197_broadcast_sent_8bfe53ee-de58-45d7-80cb-81b075c69c6c",
        "agent_2_198_thought_4d8e6ba0-c5ed-4d02-bfa6-002dd01428c7",
        "agent_4_199_broadcast_perceived_69e0b274-9258-41e0-84c8-80a61e31dfc6",
        "agent_2_200_broadcast_perceived_8d1cb6c6-c9da-41ac-b1ec-775c6ce282ea",
        "agent_2_201_broadcast_perceived_0d4271b5-5a89-4d75-9e01-092c053c8686",
        "agent_4_202_broadcast_sent_ec7cf5d7-958a-48d9-84d7-09ad5c1f3581",
        "agent_0_203_thought_6e76bcf4-1a83-4750-bf17-94af6f30e1ec",
        "agent_1_204_thought_1141bdad-871f-48e9-8f76-df90682d8546",
        "agent_3_205_broadcast_perceived_64d176a5-1330-4f08-9e15-4c2ca1f250cf",
        "agent_0_206_broadcast_sent_41aeb1a3-6766-483f-a90b-446e173b2818",
        "agent_2_207_broadcast_sent_dd76a663-0bdb-4b39-9496-cf1b000ef56e",
        "agent_2_208_broadcast_sent_96125dfe-14bb-49d0-9c49-76dcad1e7633",
        "agent_1_209_broadcast_sent_47dd72d9-fa92-437b-bc02-ef5746593560",
        "agent_3_210_broadcast_sent_6fd4f491-ce00-493a-a4f3-a1f7b7d969b7",
        "agent_2_211_broadcast_sent_a9a9f387-1b9c-41fb-baf8-3915062a6517",
        "agent_3_212_thought_1b56a39e-878d-4bd5-9e19-289a96f3fe96",
        "agent_1_213_thought_51aec1c2-f188-4dc6-95a6-334ccbebb1d5",
        "agent_1_214_thought_7d0c7ddc-d7a8-4f40-b865-5f083eb41671",
        "agent_2_215_broadcast_sent_6cda3748-a6fb-42f8-ba14-197e0851feb9",
        "agent_2_216_broadcast_sent_45409e1b-4294-42cd-9e13-678455e080b7",
        "agent_4_217_thought_f311c323-e33c-4d55-b93c-96df213c89e9",
        "agent_2_218_broadcast_sent_ce20b431-10af-4558-91b8-acb64612f197",
        "agent_4_219_broadcast_perceived_30bbb86f-8c75-44ec-bc07-e2ccefaae00a",
        "agent_2_220_thought_8a6616c0-8654-4bac-b455-6aa5151b7a57",
        "agent_4_221_broadcast_perceived_c56d7dc0-fad0-45bd-a433-37223b00ef0c",
        "agent_2_222_thought_5bc794d1-21fd-44d5-9169-665bfb4a5c8a",
        "agent_4_223_broadcast_sent_86dfaa9c-260e-4062-ab36-9a102d0671d5",
        "agent_1_224_broadcast_sent_5b254d2d-8995-4be0-b5e6-874c04a967fc",
        "agent_1_225_broadcast_perceived_62bf332a-dff9-44e1-83a8-441a00d87a2d",
        "agent_1_226_broadcast_sent_94d024c4-3b8f-44e6-a395-effe74796d38",
        "agent_0_227_broadcast_sent_c4afbece-9594-49c8-a3c6-9737e9d2cebf",
        "agent_4_228_broadcast_perceived_7ecce127-66e5-49f8-b9e3-add35b33491b",
        "agent_3_229_broadcast_sent_ea7621c2-4d33-4a69-a791-d5339e5988f0",
        "agent_3_230_broadcast_perceived_7acda086-cba5-4238-9045-cd4631161b77",
        "agent_0_231_thought_139d6469-4383-4c79-9481-418d5b966b90",
        "agent_0_232_broadcast_sent_1890ea6c-cdae-4738-8a5a-a0d7ae56c787",
        "agent_1_233_broadcast_perceived_4ea29440-f837-4459-af95-15251839ceb3",
        "agent_2_234_broadcast_sent_1a198ac1-c241-4a33-b471-22cf1363e46f",
        "agent_3_235_thought_53892427-903c-4604-9d7f-26083f3a1a14",
        "agent_4_236_broadcast_perceived_8bbbb995-cd72-4765-9e73-54f3fc329f0b",
        "agent_4_237_broadcast_sent_28a2a588-05ed-4265-922a-6cc1b9d550ca",
        "agent_0_238_thought_7aa82d41-04f6-481b-9552-f90f12d0037e",
        "agent_4_239_broadcast_sent_3fb196f2-0c67-44f1-8d18-474ae2cd765f",
        "agent_4_240_broadcast_perceived_f31867cf-0634-4b36-b934-2de5399d1958",
        "agent_2_241_broadcast_sent_1e60bd5a-1770-44b2-b580-a3af1ffa8109",
        "agent_4_242_thought_dbefaeaa-5dc7-43d8-8377-ebaa62f509e2",
        "agent_0_243_thought_0bd631e2-f7ff-4d3f-915b-a2d04198fd63",
        "agent_1_244_broadcast_perceived_70500435-c3e0-4508-85da-4629a249113a",
        "agent_1_245_broadcast_perceived_09322f2e-bfd9-4cfa-a086-2bd37939affb",
        "agent_2_246_broadcast_perceived_2de0df63-89d5-498b-8876-aa2ae4be1358",
        "agent_2_247_broadcast_sent_502d3e91-121b-46c3-b55c-75e2e7741171",
        "agent_4_248_broadcast_sent_8e93ba40-ad16-48ac-8839-1b2a728b4ffb",
        "agent_4_249_broadcast_sent_c8fd55f1-0310-45bd-ad5e-7c7a950708e8",
        "agent_4_250_broadcast_perceived_cc525de1-a6b3-42a5-a83d-004eff742e69",
        "agent_1_251_broadcast_perceived_872dc707-f0c1-4f1c-882e-0e39fc9c4f15",
        "agent_2_252_broadcast_perceived_0f3f25e3-2008-45d7-bd7e-f113fc159d70",
        "agent_2_253_broadcast_sent_710bdf92-da4c-4875-bf98-00b93852b5b4",
        "agent_3_254_broadcast_sent_9c21f634-96c8-4787-92a8-bbb395037662",
        "agent_3_255_broadcast_sent_3002aa9a-fa9d-4ea5-94a0-db6287c397e5",
        "agent_3_256_thought_5eb5e2d6-3999-4b2a-9fd4-73712e06d1e6",
        "agent_3_257_broadcast_perceived_0da59120-bfe4-43e6-afd5-51a25e9a2699",
        "agent_2_258_broadcast_perceived_8ac0f4d0-91bf-4991-a8c8-e6f36044af79",
        "agent_2_259_thought_039b48f5-4898-4b40-be69-6dbc932238cd",
        "agent_2_260_broadcast_perceived_7722d900-c20f-437a-8057-f2dc560fd99e",
        "agent_3_261_thought_e9e087d8-f936-478d-819d-874ce8f31caf",
        "agent_4_262_broadcast_perceived_fd1e1da6-90b5-49d7-9f6c-379d03ae301d",
        "agent_4_263_thought_be0767bb-34d3-402d-b9e4-f7a6dbe8894b",
        "agent_3_264_thought_5830813f-d6fb-46b6-9395-2d548eeed340",
        "agent_0_265_broadcast_sent_9a7590b7-ebe6-453d-ac89-52f0d839cf51",
        "agent_3_266_thought_ce9cce87-3e4a-43b5-9ea3-a6fdd09693b3",
        "agent_2_267_broadcast_perceived_806dc1e5-040b-43bc-bafd-bd8e03263ddc",
        "agent_0_268_thought_15ec3aa8-3985-49de-a700-ddecc2eeac3f",
        "agent_4_269_thought_d2403537-8fe4-4962-b4b8-d6e56ad45a7e",
        "agent_4_270_thought_9662ab87-151b-408c-9c19-eb1457de60e5",
        "agent_4_271_thought_9d8364a7-bf45-4a49-b380-fb0d7ea1ffd9",
        "agent_3_272_broadcast_perceived_74c5cedd-aa56-477b-be0e-62f54de37e68",
        "agent_1_273_broadcast_sent_db78f893-27dc-4a2e-ba37-b399a189ec6e",
        "agent_4_274_thought_79eaf096-5b4b-421e-9895-156e0e41cb02",
        "agent_3_275_thought_0fede6bd-87d8-415a-b219-bdef99b6e247",
        "agent_2_276_broadcast_perceived_3de9f7e7-4abd-4241-a289-e8546cde06df",
        "agent_2_277_broadcast_perceived_e995d120-ea94-4399-9225-a7d76f74c5c8",
        "agent_1_278_thought_e5842a3f-81b6-475b-89ae-9801cf8b67e8",
        "agent_4_279_broadcast_sent_157a71b1-1612-4006-92c4-4f1b45cb34f0",
        "agent_2_280_broadcast_perceived_75839f02-7b11-4b4c-9a95-598770a8d67b",
        "agent_1_281_broadcast_sent_da81f64b-ca4c-4503-ba78-3df9c3171562",
        "agent_3_282_broadcast_sent_ac724141-4e10-475b-8b85-4d8d75a7c8dd",
        "agent_2_283_broadcast_sent_f3255e6b-dc1d-46db-ba05-279817530ebb",
        "agent_3_284_thought_19d8ea57-2f40-42c5-9b2d-96fba1f10049",
        "agent_4_285_broadcast_sent_877cca73-94fc-4c4e-89f6-fef989984306",
        "agent_1_286_broadcast_perceived_eb5589c5-c373-4f6f-a380-04dffc2207ec",
        "agent_1_287_broadcast_perceived_7909c77b-4ea5-4caf-9fb4-08d3c7e50144",
        "agent_2_288_broadcast_sent_618b0e2b-aac7-4595-aa1e-e9c1fafdcc87",
        "agent_1_289_broadcast_sent_cb6b7fc3-2aa4-48c0-8b8c-4546e24d48a5",
        "agent_3_290_broadcast_sent_86d02b7c-fe90-4a8c-9682-2936b72ac153",
        "agent_1_291_thought_b7a8eaa2-26c5-4877-8ddb-a0de581c7842",
        "agent_3_292_broadcast_sent_15847d05-87ec-4a95-8f14-cc5334b28a48",
        "agent_1_293_broadcast_perceived_a3ef438c-1113-4132-8f82-d7cd45929915",
        "agent_1_294_broadcast_sent_d3ab627e-6f8e-4e8b-b05b-a26079e9bd23",
        "agent_1_295_broadcast_perceived_93a4683f-1a53-4920-bf0a-ba354997a9f5",
        "agent_4_296_thought_b96002ef-18c8-46f2-aa31-fb6cdac77188",
        "agent_0_297_broadcast_perceived_3a940000-5319-4bc5-aec9-a0e61aae6350",
        "agent_1_298_broadcast_sent_97246913-9b67-43e0-9c6e-d84db02cd33a",
        "agent_2_299_thought_ee11c154-e7aa-47a1-86c1-8e3278224fc4",
        "agent_4_300_broadcast_perceived_a54579c9-26da-4978-b96c-e722dfe9fdef",
        "agent_0_301_broadcast_sent_46da965e-fc8e-4dde-838e-9097248b9954",
        "agent_0_302_broadcast_sent_69be5909-1a1b-4faa-b65e-ef1909e59da2",
        "agent_4_303_broadcast_sent_abb99422-681d-4bb3-a7ee-d1b02e3b598e",
        "agent_1_304_thought_eb994665-90f3-46d0-a87f-a53905575175",
        "agent_0_305_broadcast_perceived_4ad412c3-10b6-4b5b-9423-8fba7fdb4dde",
        "agent_4_306_broadcast_perceived_3df3eebc-de69-4894-bc14-2f938e575c2d",
        "agent_3_307_thought_40cd55a4-f31d-4048-8c94-8cec28971ed1",
        "agent_2_308_thought_d91f8a97-9621-41f1-9197-269e6eee09f9",
        "agent_3_309_broadcast_perceived_da070b9c-632f-4603-8d11-91569fac7ba5",
        "agent_3_310_thought_7de83d98-bb37-45d1-a5e5-7018f67732eb",
        "agent_2_311_broadcast_perceived_cf8eb5e8-1fe9-46cf-8748-d68860498c30",
        "agent_0_312_broadcast_perceived_f17b58a2-a4dd-4e09-8a15-aa02229155a7",
        "agent_1_313_broadcast_perceived_ff70fa75-6741-4c23-88bd-aff826d5442b",
        "agent_4_314_broadcast_perceived_5551dbd6-9e73-4b37-9f21-3a3e1828a484",
        "agent_3_315_thought_597f1ca1-c840-4974-96b5-d79afb0e7952",
        "agent_3_316_thought_338fc904-c590-4ed2-9571-c26ae930feae",
        "agent_2_317_thought_128450a3-5ed5-4b5c-91cc-bda1cd2d9730",
        "agent_1_318_broadcast_sent_bb3cd37e-b058-4ade-83bc-8787f31934d8",
        "agent_4_319_thought_ed3c4bb1-0bcc-47aa-b718-8090eb034ec1",
        "agent_1_320_broadcast_sent_79226a4f-82d9-4d2b-a978-3649515354b2",
        "agent_4_321_broadcast_sent_0db09805-eca9-43b1-95ce-4f566871c383",
        "agent_2_322_broadcast_perceived_f816b3b7-6a34-47af-99e6-6b06d4e84f69",
        "agent_4_323_broadcast_sent_62864f8e-8dd9-4efa-8c61-51df35ac0e71",
        "agent_4_324_broadcast_perceived_965dcf50-549d-4755-a3b9-abe8cf84a607",
        "agent_2_325_broadcast_sent_22aa7150-b078-4378-9d42-32695ed9c973",
        "agent_0_326_thought_e498a669-557a-4fca-814e-d4835a4772bc",
        "agent_1_327_broadcast_perceived_24ee003c-77b8-4c4f-bc7c-5b8be2454f71",
        "agent_4_328_broadcast_perceived_f01a1985-971a-4d1e-80a4-05235f36d47a",
        "agent_1_329_broadcast_sent_f11af933-3c71-4a5e-976e-899ab89a0073",
        "agent_4_330_broadcast_sent_00177720-0c16-4760-a4a9-364518c63bfd",
        "agent_1_331_broadcast_sent_827496b4-5008-41db-b710-c34b8ee0a70d",
        "agent_2_332_broadcast_sent_575a41e5-8fe6-4f2e-803a-01721189a9af",
        "agent_4_333_thought_f9a2191a-53bb-4795-89b7-873ad43e040b",
        "agent_3_334_broadcast_sent_c897d539-19e0-4339-b106-cbff0efd0d80",
        "agent_3_335_broadcast_perceived_8f08cbe0-c678-4dc3-8d75-0ab85fa80ca4",
        "agent_0_336_broadcast_perceived_c53fbd85-5307-49ce-b955-afe74f7f6b3b",
        "agent_3_337_broadcast_sent_7711dc06-ab51-4974-a8f5-6434a8578c2b",
        "agent_3_338_thought_0993cb0d-a316-4215-bf5d-636d36598774",
        "agent_3_339_broadcast_sent_ebb4cb0b-a50f-4792-b6d9-a142adf275ef",
        "agent_2_340_broadcast_sent_82351dc3-455b-4f67-bca8-21abd3c54b76",
        "agent_2_341_thought_7a9ccffc-3783-4d6d-a082-9cbcdb8904d7",
        "agent_4_342_broadcast_sent_19a444f1-37d8-4607-b719-c41ac5011c10",
        "agent_0_343_thought_6c151c5c-a76f-4664-8e90-16da5b0c831d",
        "agent_3_344_thought_0348c369-c3cd-4f85-800d-4b84e8d03ef8",
        "agent_0_345_broadcast_perceived_7320e26a-8fda-4750-a087-91bf86ad42c7",
        "agent_4_346_thought_845ae4ec-e5ff-4fa0-8b32-dbaeccd80f6a",
        "agent_2_347_broadcast_sent_8196ba96-d52e-4dd7-9914-cc1c2e69dbf6",
        "agent_3_348_broadcast_sent_1c46f717-2515-4b76-8430-3f6259d4134f",
        "agent_2_349_thought_67376012-7804-46ad-8b37-21dcb572bc69",
        "agent_2_350_broadcast_perceived_9808e19e-49ad-41e8-aac5-c336b2e5254d",
        "agent_4_351_thought_3d210a0a-abce-413b-b97f-360c2e1ee7ad",
        "agent_2_352_broadcast_perceived_daf91bf6-310f-4e80-a746-8c3b61f6fd98",
        "agent_1_353_thought_94ffea0c-bbec-4b58-b4cf-05b43d4e9a19",
        "agent_0_354_broadcast_sent_87d1843c-b35e-412f-a6f7-4ec6541f6601",
        "agent_4_355_broadcast_perceived_6d646b3f-c792-49a7-ab8a-088861d94d34",
        "agent_0_356_broadcast_perceived_a2110052-3166-4749-aeb6-98c9fbfe2858",
        "agent_2_357_broadcast_perceived_fcdf78b6-9851-4c67-8e77-d0bdc2ed67f9",
        "agent_2_358_broadcast_sent_6e992abd-ae58-4dd0-af05-5b95a23e83a9",
        "agent_0_359_broadcast_perceived_959fc044-2b92-40fe-af4c-a66c99db3c7c",
        "agent_2_360_broadcast_sent_03f5c901-d2f8-4509-a8ac-1c99d1c8bca2",
        "agent_3_361_broadcast_sent_2e24723e-cf10-4932-8ebb-5545cee706b4",
        "agent_1_362_broadcast_perceived_7d0f1f61-cb42-4f3e-9319-dac282e34bb1",
        "agent_4_363_broadcast_sent_e01aeefd-e870-4269-a71c-546cc3c17b4b",
        "agent_3_364_broadcast_perceived_717bb8cc-1822-4912-8c2f-6ea53d9e8539",
        "agent_4_365_broadcast_perceived_2d955031-52a3-4850-a480-f2da886f12dd",
        "agent_1_366_broadcast_perceived_6b9b7fec-9977-4f4c-8efa-7a1135fdd7b7",
        "agent_0_367_broadcast_perceived_9d1269aa-3fcb-4573-919f-3b24036128b9",
        "agent_3_368_broadcast_sent_71b852d3-2233-4e39-9e45-57a577f5ccb6",
        "agent_3_369_thought_6de42887-719a-4018-8440-9daae925d08a",
        "agent_2_370_broadcast_perceived_413918eb-3cf9-4b37-906a-3e641de2221a",
        "agent_1_371_thought_5d70ecad-119a-40d5-98fb-a088c51f21a8",
        "agent_2_372_broadcast_sent_150a451b-ca1e-486e-be7f-a59b70abeb8c",
        "agent_2_373_thought_a020973e-c920-441e-8631-fd1e22f16467",
        "agent_4_374_thought_072ab803-a80f-4491-a607-39bf9dbc48a0",
        "agent_2_375_broadcast_perceived_5ca3c901-399c-4a7c-9cac-dd9297340759",
        "agent_1_376_thought_8ac2392c-6bae-4baa-9d1d-9f5fbc7b2eeb",
        "agent_0_377_broadcast_sent_707afc4d-c3fa-491f-9018-116dfb7089ed",
        "agent_3_378_broadcast_sent_c7dfcbfb-9549-4ab6-aff6-c0b12ca4517e",
        "agent_4_379_broadcast_sent_24d3e1ad-032e-4ae5-ba6d-e73470fc644e",
        "agent_2_380_thought_b66580cc-3316-41ad-ba81-bd8b66543965",
        "agent_4_381_thought_64b5e493-f3a7-4d97-a206-fc4801e8f09e",
        "agent_2_382_broadcast_sent_4dce1090-6f19-42bf-b977-6be3fe18e450",
        "agent_3_383_broadcast_perceived_46d3a567-a62c-4e8f-9a98-77b86676f5e0",
        "agent_3_384_broadcast_perceived_750316fa-a211-4fcf-b7c2-5674a323292b",
        "agent_3_385_broadcast_sent_1333ed09-8a4c-4710-98c8-98a58936a9b8",
        "agent_2_386_broadcast_sent_fb6922b6-f8e4-4e28-bd79-6d68359bb9f1",
        "agent_0_387_broadcast_sent_29e49e8f-a3e3-42cc-b040-edb982c19de4",
        "agent_0_388_thought_f1e7c24f-3786-4cb6-828d-99c734d6e2fa",
        "agent_0_389_broadcast_perceived_72df2d65-2487-4557-9cf8-7d2f9b46ccf4",
        "agent_3_390_broadcast_sent_4e4e3f41-6f57-4b32-bd58-4a2e3f84222c",
        "agent_2_391_broadcast_perceived_a12063e0-0d20-4bb8-8a81-f2d9b43572b4",
        "agent_4_392_broadcast_perceived_3d1e14ae-76c0-43c9-8f1e-b655555de239",
        "agent_0_393_thought_a86c7e33-f81e-4c46-ad58-187cf0200b2c",
        "agent_2_394_thought_9641e323-e37c-40e2-96b9-9e144074434d",
        "agent_4_395_thought_5cb8e752-ca38-46c1-b3af-7a475d93cdfc",
        "agent_1_396_broadcast_perceived_d9c8917b-594f-4bb4-9029-aa75e25bbe67",
        "agent_3_397_broadcast_perceived_efbffaa8-8a72-4803-877f-411336879202",
        "agent_4_398_thought_4da9ad0a-d95c-44c9-be1e-07f6f69b9850",
        "agent_0_399_broadcast_sent_2f0863d3-a410-489c-bc6c-7eb5ce2e71e5",
        "agent_0_400_broadcast_sent_453d7067-a9b1-47dc-b27f-14dc44b0fb8e",
        "agent_3_401_thought_fdb3bf43-aba9-452a-9f2e-7a73865444ed",
        "agent_2_402_broadcast_sent_c358213e-4339-49bd-be27-9646b002d8b9",
        "agent_1_403_broadcast_perceived_db0f6ddd-458f-4bbd-bd73-1e0146e030d8",
        "agent_4_404_broadcast_perceived_b9e5efaf-8599-49e5-bd96-71a152b3c9f3",
        "agent_4_405_broadcast_sent_65990927-0c3b-4b49-8214-4b3f923c2209",
        "agent_3_406_broadcast_perceived_53b69532-1bfc-49e4-b38e-832ac39adccf",
        "agent_3_407_broadcast_sent_28b8cb10-01b1-4474-8ae0-484f5ee116af",
        "agent_4_408_broadcast_sent_b6b0663a-373b-4364-b453-b3200eb061fd",
        "agent_2_409_broadcast_sent_02255ac0-401c-475c-80c8-17de5e15adb2",
        "agent_1_410_broadcast_sent_edefb055-210e-4b9f-99c9-305d7853b242",
        "agent_4_411_broadcast_sent_f3e52c61-f5bc-443c-aa50-633c61e032c6",
        "agent_2_412_broadcast_perceived_cfc4a64d-8d2f-463a-b442-d90f649eec29",
        "agent_2_413_thought_c011256b-7f20-43c8-bf51-a63e9a49fe26",
        "agent_3_414_thought_ebeaaa3c-77fc-4418-bc51-950fda60000b",
        "agent_3_415_broadcast_sent_0b688a4c-ca61-4c43-b9cb-8c874c6e6534",
        "agent_1_416_broadcast_sent_f457e670-0d8b-4a1e-87fa-6ca137d33d77",
        "agent_2_417_broadcast_perceived_18e7acef-8cbc-41a5-aa46-44a3b3c61173",
        "agent_1_418_broadcast_sent_443adfaf-1898-415c-93d3-d087654247dc",
        "agent_1_419_broadcast_sent_5a4dde13-5d05-4e47-bf8e-e568eb3f0146",
        "agent_0_420_broadcast_sent_771625a8-943a-401d-9381-6dfeb884ecaa",
        "agent_1_421_broadcast_perceived_feb36d5a-5e70-432a-b1b4-4cbece9e8711",
        "agent_1_422_broadcast_perceived_a90b9344-9c70-4668-94db-61760cc3c6f8",
        "agent_1_423_thought_9cde4108-06c5-43cb-9715-48d0db6894c1",
        "agent_4_424_broadcast_perceived_f2f7fc59-00e9-44f2-8974-26fcba360afd",
        "agent_0_425_broadcast_perceived_c02663b9-bc95-41d7-aeee-0731f8db60a4",
        "agent_3_426_broadcast_perceived_b305c5fa-3345-4b19-acb0-93c381ebfc6b",
        "agent_3_427_broadcast_perceived_b5fbb6e2-5ce0-4fb7-bd0d-6c8524d91181",
        "agent_2_428_thought_33fc6dd9-1ce9-4656-949e-0d90a939d783",
        "agent_2_429_thought_3cff51a0-b1e3-413b-ac57-f50225e58370",
        "agent_2_430_broadcast_sent_64d5ba52-5715-4c7f-ba37-658564585d27",
        "agent_4_431_broadcast_sent_131b5f87-4fb6-4a15-a9db-c3fcaaee633d",
        "agent_3_432_broadcast_sent_bd4428ab-6b34-4e74-8719-8c5d7701509e",
        "agent_1_433_broadcast_perceived_42b35a8e-08bd-4241-b9a9-a9cad3d06790",
        "agent_2_434_thought_3ea15d1c-57cd-456a-866f-218e7a6e5e97",
        "agent_3_435_broadcast_perceived_537c43fd-dec5-4efd-ae11-140d16d3f945",
        "agent_4_436_broadcast_perceived_6ea15412-b9e0-45c5-944a-df8f697dfe30",
        "agent_0_437_broadcast_perceived_a9c09f78-cec0-4ecb-bc59-b3c71d27079d",
        "agent_4_438_broadcast_perceived_3806f7b5-6feb-4cdc-871b-306f0b5b65b5",
        "agent_4_439_broadcast_perceived_ac4596bc-6909-407c-890b-69dcc9d6e6f0",
        "agent_4_440_thought_fdb8be7c-efff-4ac3-9294-571977386b00",
        "agent_2_441_thought_787e4e8c-c9a7-4126-9897-85604fda1bcd",
        "agent_0_442_broadcast_perceived_0a9797be-3116-412e-9fd6-256a7ab89738",
        "agent_1_443_thought_b942a5a7-13c5-475c-9d0e-2b7458d95a7d",
        "agent_0_444_broadcast_sent_16b6bd73-2e71-4b31-a762-f57e8701737e",
        "agent_2_445_broadcast_sent_13d13563-13c8-47a6-a105-018fc81096e4",
        "agent_4_446_broadcast_sent_de275fc4-a70a-4084-9e94-b297a7e70c61",
        "agent_1_447_thought_9de0163f-30d3-4b12-819f-13df7ef7e7d9",
        "agent_0_448_thought_6574b98f-4844-44ac-968f-fd7e42683309",
        "agent_4_449_broadcast_sent_f083ea70-d668-49bc-85da-573d1484090c",
        "agent_4_450_thought_93743176-e30a-4cfa-961d-e909ede2c6b2",
        "agent_2_451_broadcast_perceived_51ddd133-1bea-48de-ae8d-864e604290ec",
        "agent_4_452_broadcast_perceived_972536d7-1011-43f9-abfd-dad9f0b3fb07",
        "agent_0_453_broadcast_sent_2a16642f-fa32-437d-9461-7cd5723cc157",
        "agent_0_454_broadcast_sent_1ff2aa03-e235-4d3a-a2c3-4b3837d342fe",
        "agent_0_455_broadcast_sent_32165813-e98b-4b3c-8903-74b3bd47b7e0",
        "agent_3_456_broadcast_sent_5be4fca6-6376-492e-89b3-90c735368a5f",
        "agent_2_457_broadcast_perceived_d5799258-76fe-4d5d-8954-8e3f7ba4d1e8",
        "agent_2_458_thought_c102c97f-f333-44d0-82ec-e655608f3ecd",
        "agent_4_459_thought_b03f6cd1-5f84-4881-8b03-4a2835f75b6b",
        "agent_3_460_thought_385ab851-f84e-4711-bfe5-711ffc8074ac",
        "agent_4_461_broadcast_sent_577c17ce-c00f-45d6-ae9f-fe8a1703735a",
        "agent_1_462_broadcast_sent_94dced03-5edc-485f-a2ef-9d98ce29227b",
        "agent_4_463_thought_d71b9abf-a87b-48b4-b578-ad55f0f7e441",
        "agent_3_464_thought_208af8c6-62ae-4391-baf3-9d8c4081b213",
        "agent_4_465_broadcast_perceived_983fea75-81a6-4817-9e39-479a2c0dd024",
        "agent_4_466_broadcast_sent_515667e5-eff8-466a-9c47-8f49605aef02",
        "agent_1_467_broadcast_perceived_98a5a58e-51c1-4773-bbf2-7f3afd82f854",
        "agent_2_468_thought_a268d963-38c1-4067-8c93-87767d480294",
        "agent_3_469_thought_f9393116-8d46-45b7-9d90-5104c96ee380",
        "agent_4_470_thought_e86ed9f6-67fe-4bbd-9241-381668f4b7e6",
        "agent_0_471_broadcast_sent_b0b31983-7d2f-4a3b-aaed-a4398deea626",
        "agent_4_472_broadcast_perceived_e0f4e7fe-3c2a-47f4-ad5e-2db7be2980ff",
        "agent_4_473_thought_6d8e15e9-60be-4072-b5c6-efd9ec582459",
        "agent_2_474_broadcast_sent_8b3f1f98-ee42-40d5-91ec-1374b6800813",
        "agent_2_475_broadcast_perceived_7153596a-be38-402d-ac2c-96628326b98f",
        "agent_3_476_thought_5e24396b-1a34-4d96-bd18-1e76e14e6935",
        "agent_3_477_broadcast_sent_a7772d8d-8f97-45d1-b53b-30f896b5fbdf",
        "agent_1_478_broadcast_perceived_b0ce488c-1c97-42d5-a602-3dd9118f05b1",
        "agent_3_479_thought_ea2e5abc-feef-41a0-b8ef-f1bc28fc70aa",
        "agent_3_480_thought_28e82bc3-44d7-493d-8d86-51dc65f23132",
        "agent_2_481_broadcast_perceived_a8060404-6934-4832-b4d6-beb4ca61e2c1",
        "agent_2_482_broadcast_perceived_c5c042f9-320b-4bbb-a3fa-217b1fce264b",
        "agent_0_483_broadcast_perceived_899d70d6-fa04-487e-8e4b-c4875ef984ba",
        "agent_2_484_thought_70309920-6cea-46a3-bd51-1b1c666b996c",
        "agent_3_485_broadcast_perceived_ebce7664-138e-4b64-9d7d-1e82400efafc",
        "agent_1_486_thought_db7f3c85-2614-43e5-b2fc-e3dc2b81429c",
        "agent_1_487_broadcast_sent_ffc16738-647c-449b-995d-347a5be7d6b5",
        "agent_2_488_thought_d04d3cda-278a-434e-af7f-eb3c086c3e02",
        "agent_0_489_broadcast_perceived_ccc06394-2ef3-43e4-9fa0-d05d781c8d1a",
        "agent_4_490_broadcast_perceived_1aa63ed3-3899-4e61-84ca-810239ab0d09",
        "agent_0_491_broadcast_sent_0bf9bf93-2af3-4a08-b1ef-813d570b2634",
        "agent_1_492_broadcast_perceived_d1691dc5-e726-4b15-90c7-2288108cb3dc",
        "agent_3_493_broadcast_sent_53caee4d-dd96-493f-a12d-16d31e5e6b1d",
        "agent_4_494_broadcast_sent_254ef468-ed01-4709-88c4-9a513c5793e3",
        "agent_4_495_broadcast_sent_7831a3dc-9eaa-4ef4-89cc-fd5facb4a2df",
        "agent_1_496_broadcast_perceived_e7ca4506-3f70-4b84-8296-e2849cea5020",
        "agent_3_497_broadcast_sent_7217a916-a0f4-48c2-a8b6-7a4137404317",
        "agent_1_498_broadcast_sent_34abea75-e549-4961-874f-a9dcca19bf11",
        "agent_0_499_thought_efaf1d7d-60bd-4f73-a970-d6f753f45376",
        "agent_3_500_broadcast_sent_21ab84ed-6b59-41b6-ab55-732a6919db1a"
      ],
      "l1_memory_ids": [
        "agent_0_1000_l1_summary_1a8312fa-56c3-447b-b0f4-3d7ab191b0ec",
        "agent_1_1001_l1_summary_d648679b-95f9-497d-9a05-e6050ed3a4d9",
        "agent_2_1002_l1_summary_2a2e6506-cc07-4c36-9109-39f8fac6f5a0",
        "agent_0_1003_l1_summary_ee121e36-ce09-4aaa-b5bc-989a009c6be3",
        "agent_3_1004_l1_summary_e7beb7bd-32a2-4e59-8dda-5543e22ca242",
        "agent_2_1005_l1_summary_0536ed54-e820-43e3-b543-0eccedadd129",
        "agent_1_1006_l1_summary_2f31dcc7-9d08-46ca-b4ce-a835c3139834",
        "agent_2_1007_l1_summary_b115aec5-e840-45f7-874d-b729f7b898e2",
        "agent_2_1008_l1_summary_bd061718-34a8-44a3-ab8c-fd34523e96ba",
        "agent_4_1009_l1_summary_8ff76fac-161f-4b03-beed-b1206644c5d0",
        "agent_1_1010_l1_summary_a876cd3a-d68f-4456-aef7-615755570e08",
        "agent_0_1011_l1_summary_aec95c7c-2fe7-4204-93f1-2f169bbfcb35",
        "agent_3_1012_l1_summary_331773ec-98ab-448c-a77e-a11b2a4da82a",
        "agent_0_1013_l1_summary_6b51bf07-1a55-4289-967c-f2c108756be4",
        "agent_3_1014_l1_summary_0dc96ba8-4fae-4d77-a375-13e51cd44f84",
        "agent_2_1015_l1_summary_5147583e-5183-4d54-ac66-63ba7895c4e4",
        "agent_0_1016_l1_summary_e11942c0-ac5b-4d6c-9d70-dea3b2a82113",
        "agent_4_1017_l1_summary_3b6670c3-8adc-4fa8-acd6-f1936db68737",
        "agent_4_1018_l1_summary_eab8bd14-7a84-447d-bd70-231bbee9c692",
        "agent_0_1019_l1_summary_5f7a7c7d-cb81-4635-80a0-e8a4cd53f76d",
        "agent_4_1020_l1_summary_9c36585c-e0ee-41f3-9897-9c0067af5813",
        "agent_4_1021_l1_summary_29baabcb-b5bc-449b-91da-e712d54e03f6",
        "agent_4_1022_l1_summary_c9f7bfc7-0082-4e37-b813-4c17553d5d20",
        "agent_3_1023_l1_summary_cc174f6a-3df5-4993-92a7-b58d1d1bc931",
        "agent_4_1024_l1_summary_52d64a83-0edb-4a8e-85da-b5e6dd2bae88",
        "agent_0_1025_l1_summary_6d3f6fb0-07d7-4ad3-9bc7-c49b5d37f2f0",
        "agent_0_1026_l1_summary_18ad6e16-d409-4b86-a636-cdc8352815a8",
        "agent_2_1027_l1_summary_33c1aac5-0f35-4352-b472-40a054d4aa55",
        "agent_0_1028_l1_summary_1ad185ba-67b4-41c4-8cb9-cef82a24c3d1",
        "agent_4_1029_l1_summary_0f752ad8-d6f9-4db8-8672-4970ca16c573",
        "agent_3_1030_l1_summary_03f02255-e923-4e40-8564-8761daece31f",
        "agent_4_1031_l1_summary_ba4b495d-3145-41cc-883d-59b01cb56deb",
        "agent_4_1032_l1_summary_1d04661b-8ac9-4ff8-afe1-80b9b1d5ec37",
        "agent_3_1033_l1_summary_a38196d4-ede0-4f00-8fbf-2694d65e61d1",
        "agent_1_1034_l1_summary_343376df-8635-4d43-9b34-b741534f4daa",
        "agent_1_1035_l1_summary_95bb997e-2b7c-4b68-a339-75126dfbe046",
        "agent_1_1036_l1_summary_8bc2b7d1-b9ee-4a41-a77f-b4d341ec832c",
        "agent_0_1037_l1_summary_81b09955-2efb-440b-9529-066f42f13c53",
        "agent_1_1038_l1_summary_b440bfe6-6d16-4ecb-9d61-d8b86a2642fb",
        "agent_4_1039_l1_summary_9d46173f-7c4c-48a4-96c3-bf6dfe3d475b",
        "agent_4_1040_l1_summary_23132c58-bbb7-41b2-a34d-25b8ffeb6f3a",
        "agent_1_1041_l1_summary_32949557-c3a7-4d1e-a9c5-5bbd1f6ea8c3",
        "agent_2_1042_l1_summary_f6b45810-1fd5-4837-8a2f-205b9fd0df08",
        "agent_0_1043_l1_summary_9f90b58c-59fb-4c54-8725-b71990a1d0e5",
        "agent_3_1044_l1_summary_e49f6982-a12e-4612-9b3c-57ff95b011b1",
        "agent_1_1045_l1_summary_18eea826-7756-4803-9d75-a1d0bd637c4d",
        "agent_0_1046_l1_summary_49488cd6-7c39-4554-91ec-4854119a33ac",
        "agent_1_1047_l1_summary_2c3d185f-c7fb-4ee1-978f-a68153cb9fa4",
        "agent_1_1048_l1_summary_5af5790c-960e-4eb9-a160-3e121a567cef",
        "agent_3_1049_l1_summary_d57bebad-a834-4d38-a85f-5fcd708cb1e8"
      ],
      "l2_memory_ids": [
        "agent_3_2000_l2_summary_5aaae184-b5d9-4f12-b37c-ed2686807d96",
        "agent_2_2001_l2_summary_1a8a92c6-2b02-4907-a6c9-fcdb4c62303b",
        "agent_0_2002_l2_summary_173683cd-4522-4be2-bebf-095464f59281",
        "agent_3_2003_l2_summary_aafd52dd-389f-4696-8c4d-0c29ac156d18",
        "agent_1_2004_l2_summary_f144b703-1a96-4a81-a020-5b2399799227",
        "agent_0_2005_l2_summary_b6497cb3-785d-4915-afd9-62a349b13bd6",
        "agent_0_2006_l2_summary_b46571e3-9fb4-4aa5-ac13-729b6656ecb2",
        "agent_3_2007_l2_summary_fcd12854-6a95-4991-9d4a-203fe8b40d86",
        "agent_1_2008_l2_summary_f40073dc-664a-404b-a44e-b319968afb67",
        "agent_3_2009_l2_summary_1c5f6c2b-4c39-4ef0-bf21-dee21bdd6da6"
      ],
      "relevant_retrieval_time": 1.9929019000010157,
      "filtered_retrieval_time": 8.240655400000833,
      "query_time": 0.25663300000087474,
      "total_retrieval_time": 10.490190300002723,
      "l1_mus_prune_time": 0.008986699998786207,
      "l2_mus_prune_time": 0.008547400000679772,
      "l2_age_prune_time": 0.007502500000555301,
      "l1_mus_candidates_count": 0,
      "l2_mus_candidates_count": 0,
      "l2_age_candidates_count": 0,
      "delete_time": 0.07152510000014445,
      "deleted_count": 100,
      "success": true,
      "initial_resources": {
        "cpu_percent": 0.0,
        "memory_mb": 406.19140625
      },
      "final_resources": {
        "cpu_percent": 648.3,
        "memory_mb": 496.9921875
      },
      "resource_delta": {
        "cpu_percent_delta": 648.3,
        "memory_mb_delta": 90.80078125
      }
    }
  ],
  "mus_results": [
    {
      "scenario": "mus_enabled",
      "run_number": 0,
      "num_memories": 500,
      "num_queries": 50,
      "timestamp": "2025-05-10T16:30:08.377970",
      "raw_memories_add_time": 22.1915067000009,
      "l1_summaries_add_time": 3.7259660999989137,
      "l2_summaries_add_time": 0.37638150000202586,
      "total_add_time": 26.29385430000184,
      "memory_ids": [
        "agent_1_1_thought_4f93e6a3-90e2-436a-be3e-efd9ffadbd39",
        "agent_2_2_broadcast_sent_b8cd5829-90db-4830-bdce-1c78b92938a6",
        "agent_2_3_thought_b7b54ca9-d584-4419-bc1a-45cd9af87ed5",
        "agent_2_4_broadcast_perceived_108b08f9-f8dc-4328-982c-2e23e9df49fe",
        "agent_2_5_broadcast_sent_1541dcb1-cc6f-43f4-978e-3de0337ced11",
        "agent_1_6_broadcast_perceived_cf7283d9-1c46-4199-8727-9df5d70c09fd",
        "agent_3_7_broadcast_perceived_538db2c9-225a-4260-8b6c-aa54a630a239",
        "agent_1_8_broadcast_sent_46f50d8d-1f40-4ef0-9f3e-0321cbf2115c",
        "agent_4_9_broadcast_perceived_2b2ee26b-46aa-47df-92f1-8a7197e19c49",
        "agent_4_10_broadcast_perceived_05259ffd-1120-45e6-b079-df63f63eb35f",
        "agent_2_11_thought_17feb1e9-7302-4b7f-85ca-8bd94beb915a",
        "agent_3_12_broadcast_sent_53f9d511-91af-43f1-9d4d-dd7e3d2e5dee",
        "agent_1_13_broadcast_perceived_6a493475-4cbf-4b9a-a1cd-bf38c3742bdd",
        "agent_1_14_broadcast_perceived_ec88b19d-4363-4cb5-aaec-7e734d8a7938",
        "agent_1_15_thought_0662959e-b363-49f3-8bff-aa0963d28493",
        "agent_3_16_thought_6466e267-58fb-4232-8d29-ae2f59aa29df",
        "agent_1_17_thought_6c4874e1-81e8-4e0a-ac7b-6fbe5582ef82",
        "agent_1_18_broadcast_perceived_b7b9ee28-8006-4520-8084-dfd4fc40cdc3",
        "agent_4_19_broadcast_sent_b81b2ca8-31aa-4614-9d63-bb02e84956c4",
        "agent_2_20_thought_3f56e3c0-e282-46e3-a47a-fbe138557f76",
        "agent_2_21_broadcast_perceived_07bd5f97-6c16-404a-a411-94f876571dec",
        "agent_4_22_broadcast_sent_f091efce-3a30-4fcb-a384-e40af788b89f",
        "agent_3_23_broadcast_perceived_60ba8a44-7fbf-4fb7-ab98-179cd1f8826a",
        "agent_3_24_thought_0ea26496-150d-4dae-ab52-af0b866eda36",
        "agent_1_25_broadcast_perceived_c334c3e2-97fb-46f6-b34f-4535dfdaeaeb",
        "agent_4_26_thought_af5f5cf8-24cb-487a-9610-906065b66ac5",
        "agent_0_27_thought_70f0b833-8719-4679-9f8a-731d1657f360",
        "agent_1_28_broadcast_perceived_4654feb6-afc1-470b-afb8-2da0aeb0e040",
        "agent_3_29_broadcast_sent_d0e58e12-5252-4675-b4aa-0f8b60db9de0",
        "agent_4_30_broadcast_sent_e61318d5-a760-4641-9da6-4bfb27a6d76f",
        "agent_3_31_thought_bce89524-9259-4758-83a4-04c2db87fb1a",
        "agent_1_32_broadcast_perceived_45864c76-1348-488c-ad65-7487de0c2e72",
        "agent_4_33_broadcast_perceived_a46e135a-fd2c-46de-8361-04e12924a386",
        "agent_3_34_broadcast_sent_1bfdc027-5884-4986-9f2f-cf891ee77a4b",
        "agent_2_35_broadcast_sent_f3c275f7-02b9-4f1e-9bc5-60903c2243a9",
        "agent_1_36_broadcast_sent_c82b27bc-f3b1-4094-b06c-f643b6e26628",
        "agent_1_37_broadcast_perceived_1220f326-0b79-4bff-a3a9-27a1035647fb",
        "agent_0_38_thought_788b964d-46a0-4aba-ad6d-b7c3d8cfcb3f",
        "agent_2_39_broadcast_perceived_5f257911-1255-4f58-b755-dae67c85a462",
        "agent_0_40_broadcast_sent_6da62b41-9dea-4853-b99f-04caea273a97",
        "agent_3_41_broadcast_sent_d3f8dcbb-1d02-4caf-8a03-cfdaa3957734",
        "agent_1_42_broadcast_perceived_d41f3949-4d33-4082-a1c8-a850bdf04054",
        "agent_1_43_broadcast_perceived_e83ba3bd-a8c3-42d2-9099-01e164edda86",
        "agent_3_44_thought_20ba4996-c606-4741-82a1-4187d50c8e0b",
        "agent_0_45_thought_e8cb0259-d68e-41fa-9b2c-9b0130e8950d",
        "agent_2_46_broadcast_sent_f826c249-1bb0-47c3-9980-152522c66d43",
        "agent_1_47_broadcast_sent_2b68bd48-dac4-4ec5-9671-452f520a2c49",
        "agent_4_48_thought_0e9bda6c-6d24-44ed-8e42-508052164601",
        "agent_4_49_broadcast_perceived_3f4f2628-d1af-4225-97f7-1edeb357d9f0",
        "agent_3_50_thought_ca8d7b72-911a-4109-84ed-a8ebc7b1e378",
        "agent_3_51_broadcast_sent_d6725a5d-fe3e-438c-9645-285dd661ce0b",
        "agent_3_52_thought_dd31ceb5-4ea4-4215-8502-08d55bde29b5",
        "agent_1_53_thought_e7f2c7bc-3923-46c8-9f15-9d5bd8757b44",
        "agent_4_54_broadcast_perceived_96b743b9-a8ad-4195-ad4c-5ac205016677",
        "agent_3_55_thought_c855fcd0-7959-46f2-80a2-2a267d64f416",
        "agent_4_56_broadcast_sent_54987738-623e-44d9-a4e8-67830b7140e4",
        "agent_1_57_broadcast_sent_ab289b0f-ae49-4775-9f02-fa29bce2606c",
        "agent_3_58_broadcast_sent_3420d63e-e303-421c-bc85-cfa5838dd8f8",
        "agent_0_59_broadcast_sent_1f27aac5-3447-4e27-a2cc-6bf36ff375ad",
        "agent_1_60_thought_2cc4e55a-d492-4d5f-a818-093e1e9a3c5b",
        "agent_3_61_broadcast_sent_798cc89c-92b9-4c2a-a1c1-22944cd308f5",
        "agent_3_62_broadcast_perceived_f731f395-d063-4865-af93-1bab1e820ade",
        "agent_4_63_broadcast_perceived_ca5eded4-8c7d-4d9d-adf7-8f178cd10a3e",
        "agent_3_64_thought_e89ebaa8-6e9e-497d-bc65-04f56e6524d8",
        "agent_4_65_broadcast_sent_aa4cd024-31b8-4c73-afcc-9fec2433f4d0",
        "agent_2_66_broadcast_sent_cfb3b121-5347-4e24-882e-cb4dba6be1eb",
        "agent_2_67_broadcast_perceived_e081eb69-05d1-47fb-87a3-a59cdcb044c7",
        "agent_2_68_broadcast_perceived_59e9829d-d58a-4d86-b0dd-2d8b74fbddd3",
        "agent_4_69_thought_5f23392a-28e8-4357-81e2-2da611edff4b",
        "agent_4_70_broadcast_sent_60f37088-c831-4d94-958a-8010c2d6b634",
        "agent_2_71_broadcast_sent_6d045847-e61e-4b94-a85c-14939e0cae3c",
        "agent_2_72_broadcast_sent_17b2b637-3db6-467a-876a-752437689db2",
        "agent_3_73_broadcast_sent_2b4f4ea8-6784-4be1-bdff-4617a80f31a2",
        "agent_0_74_broadcast_perceived_cddbc9b5-062e-4084-a2de-fed2ef4aec6c",
        "agent_0_75_thought_aac5036d-bce4-4038-8502-bbf8cb55df40",
        "agent_0_76_thought_50dee362-3cdc-4412-9f42-f034a4031c62",
        "agent_0_77_thought_406ab9a3-de69-4d82-afef-6b1fd10a9272",
        "agent_4_78_broadcast_sent_4a1de657-60d2-4b68-a5f1-d68ecaa95fb9",
        "agent_1_79_broadcast_perceived_7eb329a3-e042-4aaf-bfff-9156f2aa414b",
        "agent_4_80_broadcast_sent_7ef17236-cf4c-422d-a5c9-9140949b6ce6",
        "agent_4_81_thought_1b4c0e91-e135-40c3-a93c-433341b18064",
        "agent_4_82_thought_2c79bf51-5492-420c-8417-c0a84abd3d07",
        "agent_2_83_broadcast_sent_0d138203-f8c0-4750-95aa-6e31b13aff86",
        "agent_2_84_broadcast_sent_5a8b1445-f353-463e-8014-ba5654619628",
        "agent_3_85_broadcast_sent_f79dc420-961d-4bb7-ad07-fae7473360c8",
        "agent_1_86_broadcast_sent_0f81596d-5566-4823-b9d9-72f753e0bb9a",
        "agent_2_87_broadcast_perceived_96bbbd74-938b-458c-8d5b-ee19b3984abe",
        "agent_4_88_broadcast_perceived_0df808fc-1d7c-4f64-ac35-e38c9395125b",
        "agent_1_89_broadcast_perceived_b7c38096-8255-4891-bbfe-7f979d397326",
        "agent_3_90_thought_270f317b-fbc0-49ae-9bbb-5bbd6bb6882b",
        "agent_3_91_thought_33944ec2-e9de-4329-9bd6-86625b830eb3",
        "agent_2_92_broadcast_sent_47f36db7-e6ee-44ec-a848-eb44e765ddfe",
        "agent_0_93_broadcast_sent_88625fc6-f4a6-4cdb-ac3d-19a2a5769e44",
        "agent_4_94_thought_2618e474-8483-4385-b6f6-5dfb89a46d71",
        "agent_1_95_broadcast_sent_9aa2d11e-410b-4c92-8a87-388b1af31bce",
        "agent_1_96_broadcast_perceived_9a6252cd-75a9-4716-adce-4ee6f5db45f0",
        "agent_3_97_broadcast_sent_6e182f59-aaaf-41e2-8794-8ad53b10a326",
        "agent_0_98_thought_6a497e1a-5da4-423a-90b6-017a03a6230b",
        "agent_4_99_broadcast_sent_d8f214ce-565c-4abe-ac54-4eaacd882bcb",
        "agent_1_100_broadcast_sent_28e95ca7-2c38-4100-b2fb-b5a2dfca5308",
        "agent_2_101_thought_55b17238-84a3-47d0-9aab-8e7e9363c36c",
        "agent_1_102_broadcast_perceived_5fcbbfc7-1946-4e19-86d7-f0c7bef3dc25",
        "agent_0_103_broadcast_sent_f3145a60-22c7-4b8a-a51b-abdae33dfdbf",
        "agent_0_104_thought_d37ef806-aa42-4df4-b52a-a6143f479a71",
        "agent_1_105_broadcast_perceived_c618966c-73df-4958-956b-250c210b4beb",
        "agent_0_106_broadcast_sent_671f2ed8-8065-4bba-b1d6-7ea4a0f702d0",
        "agent_0_107_thought_f8a9926d-a3f4-4b42-a06b-c2be61f0f66b",
        "agent_4_108_thought_1c95330e-17f9-4ba4-af54-ac2246b6d6bd",
        "agent_3_109_thought_245003a9-4cb7-4ca5-aa6e-826ceee41f6b",
        "agent_3_110_broadcast_perceived_fc0c7780-a92d-4f00-bd5e-070961636ff5",
        "agent_4_111_thought_dfd18875-5a10-4e6a-8091-577fa3ea53fe",
        "agent_3_112_broadcast_perceived_bcb9b51f-0268-4977-a6ec-296f6061c4b2",
        "agent_1_113_broadcast_perceived_88f6b376-4d79-42d0-a9b0-2c60a13aeabb",
        "agent_2_114_broadcast_sent_e07e64b5-46fc-4d87-b0a5-4030c1d9da12",
        "agent_1_115_thought_bd2eb6f9-d8fa-4398-b887-0c60292ed3ea",
        "agent_0_116_broadcast_perceived_5b2f38b0-3b1c-489d-b145-bd5394772092",
        "agent_3_117_broadcast_sent_fa0eff8d-ed20-43ad-8e38-7f34754fb6fa",
        "agent_4_118_broadcast_sent_eb67eb43-096c-4033-818b-dbdd0e875a3c",
        "agent_3_119_broadcast_perceived_fe19edd1-91eb-4f36-8c7e-228b2f92fad1",
        "agent_3_120_broadcast_sent_23a696eb-89ac-4e7d-a8dc-8d2cf21ccfc6",
        "agent_4_121_broadcast_sent_f1f191cc-993f-47cf-8b50-fb51c7818732",
        "agent_2_122_broadcast_sent_0bad0297-0d88-40b8-bcaa-9b9b345bf811",
        "agent_1_123_broadcast_perceived_e6276f88-b77f-4fc7-bfc5-3d2523f997cc",
        "agent_2_124_thought_762a51a0-a546-44f3-aed4-ea998dacb7aa",
        "agent_3_125_thought_f171bfcf-a157-4586-89ed-620838230480",
        "agent_2_126_broadcast_sent_b1bd11dc-dd27-41b9-a38a-70497b7a2b94",
        "agent_0_127_broadcast_sent_a9fdcf49-23b0-406a-b1c7-bd94be40ff4c",
        "agent_2_128_thought_77d62912-3948-4412-b964-c89509de0f1f",
        "agent_2_129_broadcast_sent_ce33be4a-aa86-41c6-9e9b-b96363e0460d",
        "agent_1_130_broadcast_perceived_8863bcbd-96a8-4205-ab1c-851c117b3434",
        "agent_4_131_broadcast_perceived_800e8853-f9c7-4635-b44e-91cebf4d5883",
        "agent_4_132_thought_892f530a-56d0-449c-8f33-34c71d5f310e",
        "agent_4_133_thought_7eba9326-aa71-42b9-84e4-eaf6ba5697db",
        "agent_1_134_thought_ff9a738c-2fc3-4502-8dca-75de15b136ac",
        "agent_2_135_broadcast_perceived_d8462489-1b2c-47ec-9baf-cbd2b079d921",
        "agent_1_136_thought_4cb25ad5-c85a-4fcc-9c46-8ef1b7f65628",
        "agent_0_137_broadcast_sent_7ea75cb3-ad42-40c2-942a-5c26e9284942",
        "agent_3_138_thought_d4e4ce59-e581-41da-b80f-8f81abb4a120",
        "agent_4_139_broadcast_perceived_c42cbb3f-d918-4c8a-a915-aca0f65de319",
        "agent_1_140_broadcast_perceived_9c6e3f91-dda5-4b1b-b1c1-7274bad2a4f6",
        "agent_3_141_broadcast_sent_8aabfe1f-6e62-4e9e-80d2-3d16a2384963",
        "agent_3_142_broadcast_sent_a67d21b8-f1ce-4bd3-a90e-92a6d3aa27ef",
        "agent_4_143_thought_8d7cc285-9a85-4a96-8730-405518d2a305",
        "agent_4_144_thought_5dc3c10f-416c-4c33-b052-1e60cd97b2bf",
        "agent_4_145_thought_dc148873-9048-4936-b2ac-ec4aa94c97be",
        "agent_1_146_broadcast_sent_b9f07dfc-afbf-4f20-bcac-0ab1c75fa3dd",
        "agent_3_147_thought_5046049c-2f7e-4803-bf05-0f64e586f596",
        "agent_3_148_broadcast_sent_ecc1ac6c-7922-444d-acd7-a5f3805729dc",
        "agent_2_149_thought_e39392c3-340a-4059-8fb5-e3822207d103",
        "agent_4_150_thought_eaba1ea0-c1ea-4a02-8025-511be9c8bf8e",
        "agent_2_151_thought_bbc2339f-2bee-4501-8c8c-e0d853227fe3",
        "agent_3_152_broadcast_perceived_7f5ecf70-d22a-4453-a274-444520dff3c8",
        "agent_2_153_broadcast_sent_c0f1831e-1978-4ed3-9e82-93367ebfa3be",
        "agent_3_154_broadcast_sent_4fbbbe70-e388-4703-95e4-1c9af483819e",
        "agent_2_155_thought_d722903a-0207-45ed-abd1-28a769e81262",
        "agent_4_156_broadcast_sent_02dd15d3-d6c0-4a0d-ae16-c60cb9c03efd",
        "agent_1_157_broadcast_sent_e86a8101-8046-4542-b8be-83f96f80fa74",
        "agent_1_158_broadcast_sent_73f1d853-95a0-42c2-9f22-76a6cc6a5294",
        "agent_1_159_broadcast_perceived_084dbbc1-8333-4305-bc1b-5e0323fa2915",
        "agent_2_160_thought_bc45333c-32f9-4f62-a551-322cb46f0a05",
        "agent_2_161_thought_f4a46ce8-68ca-472c-8ebc-d152fe6adeef",
        "agent_2_162_broadcast_sent_00b2effd-5f14-4564-b4c2-b93afc23ad43",
        "agent_3_163_broadcast_sent_b85da869-7f76-4774-95c9-24cc931e9eb8",
        "agent_1_164_broadcast_perceived_14888437-dde5-4c2d-8b6d-e669a18613d1",
        "agent_2_165_broadcast_sent_53c11135-44e0-4d63-a23e-198991dcee35",
        "agent_2_166_broadcast_perceived_d06602fa-cd69-4f89-b220-84264cd477fe",
        "agent_1_167_broadcast_sent_410e80a4-ff14-4e8b-aa60-bd22860ff58d",
        "agent_2_168_thought_27951062-162d-47ce-a9b5-3cbfec04a384",
        "agent_1_169_thought_7d3e95cf-f35b-4ded-af8e-a75fb4dcace8",
        "agent_2_170_thought_a9e6b921-68a1-4ff3-abd4-99ecde37a351",
        "agent_0_171_thought_e255314e-a0b6-4720-b9ad-d218a8542426",
        "agent_2_172_thought_0b38913a-fbd4-4457-90f4-a86becf853bb",
        "agent_2_173_thought_96130ec7-1859-43cf-bba5-834614d76528",
        "agent_0_174_thought_4ffddd8b-e315-4c88-8b10-b49e3b2b906b",
        "agent_1_175_broadcast_sent_377f90e7-c6be-4986-8878-2a67e99cfae4",
        "agent_0_176_broadcast_sent_e13b6512-f564-45a5-acb9-4ace77171196",
        "agent_1_177_thought_6bd7327f-8c18-4e9d-8860-4dedeb913a3c",
        "agent_2_178_broadcast_sent_731ede18-4a5a-4c7a-ad30-ded58e0cfab1",
        "agent_1_179_broadcast_perceived_7b78e113-2b6c-44b6-a322-00b81fd94fe7",
        "agent_2_180_thought_bf92d73f-c7f2-4cc5-a9c6-9c763dc91c23",
        "agent_3_181_broadcast_perceived_ab75b19a-533a-46ca-a799-9dbec171166b",
        "agent_3_182_thought_9e8ba929-7d39-41c7-b10a-e4d0cd7bc0bf",
        "agent_4_183_broadcast_perceived_db159150-f236-46a1-b71f-0dbd2107532c",
        "agent_2_184_broadcast_perceived_26583b55-f07d-465c-a8af-38564e1029f1",
        "agent_2_185_thought_0bd40550-3f8f-48a7-9e1b-a9e4a26ec9a6",
        "agent_4_186_broadcast_sent_0641f027-89ce-4897-b1d4-f40f541288a9",
        "agent_2_187_thought_76dc5534-6553-4805-8ec8-702c528086b5",
        "agent_1_188_broadcast_perceived_53b99259-a48c-44ba-97dd-15bc3db684f4",
        "agent_3_189_broadcast_perceived_cb072a7d-ace4-4f0d-9730-c5ee068f1579",
        "agent_1_190_broadcast_perceived_ca514364-1a75-4c63-b8cb-ef35f1cc1b01",
        "agent_2_191_thought_9050173e-f602-4ad1-b286-ce0209943c3e",
        "agent_1_192_thought_c4a9e047-c61c-47e9-8af6-8522f7daad70",
        "agent_1_193_broadcast_perceived_0b4485b4-0a29-4c7b-b1e5-868e2adc0992",
        "agent_4_194_broadcast_perceived_e50fc490-9bec-45e3-97d7-efe88680a981",
        "agent_0_195_broadcast_perceived_2b390e76-3f8c-4b9e-9c52-f90edbf5ebc2",
        "agent_3_196_broadcast_sent_2655a96e-102d-4eaf-b187-30821bb225e5",
        "agent_1_197_broadcast_sent_bbeeee50-6aca-4566-a4c1-838f75b93f28",
        "agent_1_198_broadcast_sent_a77f064b-c154-4e0b-a6aa-c83cf148264f",
        "agent_1_199_thought_affff149-54cd-43d8-8dff-0f6c86b255d3",
        "agent_0_200_thought_1237e4ce-b00f-4d4f-80ed-a4a57a89cd33",
        "agent_3_201_broadcast_perceived_32b6301e-bb4e-4781-b2b5-3f937986ee14",
        "agent_3_202_broadcast_perceived_e060baa4-79fd-4ae6-b529-92c48420d988",
        "agent_2_203_thought_fc91c23d-f26f-4d32-8fb4-04d3d5923f4b",
        "agent_4_204_broadcast_sent_9f0cc9d2-9a98-4f58-8e8e-0b55b3eaaf5c",
        "agent_0_205_broadcast_sent_1ab8ac37-498c-43d8-9b7a-065aa2f4099a",
        "agent_4_206_thought_007dd3cf-7a58-4aa2-b6a7-2708b3a1388c",
        "agent_1_207_broadcast_perceived_14cfe2a6-baa1-4bd8-9f92-90ff12ca14d4",
        "agent_0_208_broadcast_sent_0eb2ff83-093e-4fc7-8c92-da8f26c2df49",
        "agent_4_209_broadcast_perceived_a58a78a3-a2a1-48f9-8d1f-a297ba8ac3c5",
        "agent_3_210_broadcast_perceived_6ffb444e-6404-48fe-9ea8-e1b62cceea7c",
        "agent_1_211_broadcast_sent_275cfb08-0917-423f-a4cb-e26ec3036304",
        "agent_4_212_broadcast_sent_6a364742-5054-41e8-8826-4296c0a6797c",
        "agent_2_213_thought_7705c6dd-cb99-4f9d-a529-b7eb2d81e99a",
        "agent_1_214_broadcast_perceived_9b900f05-125b-4c82-8389-aad37a6feaa8",
        "agent_2_215_broadcast_sent_259ab180-4f8e-4404-83f7-a5c563649b97",
        "agent_4_216_thought_2a264047-ec2e-4b87-bc62-663a925ffcf9",
        "agent_1_217_broadcast_perceived_620546de-3f18-414c-a428-ba18b0afc61e",
        "agent_1_218_broadcast_perceived_8f4973d7-82b3-4591-a8b3-ecc0d1048544",
        "agent_4_219_broadcast_sent_b7e0d174-d3a3-44df-b8dc-64af6c8c1d58",
        "agent_4_220_thought_66405299-67c8-4a2f-8484-c7e7c30aeb51",
        "agent_2_221_thought_29b76dcb-d884-49d5-8023-4b4a2dffcb3a",
        "agent_2_222_thought_25eb5175-c4ff-463a-984d-748f8f233a4d",
        "agent_1_223_broadcast_perceived_71bd1ce0-6e53-4a53-a66b-7df404dd6e40",
        "agent_1_224_broadcast_sent_4b888f8f-a958-4692-a33b-e488c21be4b0",
        "agent_3_225_broadcast_perceived_a21cbd3b-0e77-47da-9e50-0b5475254781",
        "agent_1_226_broadcast_perceived_85a9eb9d-6364-4fc2-9e9e-3d9f30b380f9",
        "agent_2_227_broadcast_sent_aa185cc7-32e7-434b-820d-0ac1ec25a560",
        "agent_0_228_thought_d4ecf262-7cf9-472f-a91f-d20d2e10e258",
        "agent_1_229_broadcast_perceived_d5e7bc57-2fb4-4126-ad86-2a3ba32c0653",
        "agent_3_230_broadcast_sent_7b28b1d7-3735-4aa1-ab56-12b21e9ad66d",
        "agent_4_231_broadcast_perceived_302f2037-42e7-4129-9556-6a4889432a07",
        "agent_1_232_thought_48828152-7812-4fdf-9cb6-6b079fe03668",
        "agent_2_233_thought_ef3ce451-4689-4a61-8f61-4b0fdded7ad3",
        "agent_3_234_broadcast_perceived_1ac6a141-e591-4b43-9a81-0cacfac4931c",
        "agent_0_235_broadcast_perceived_9887d09c-c047-4105-8482-6373f57b200b",
        "agent_1_236_broadcast_sent_9e583503-90d8-4415-a288-f58daf0d4ba4",
        "agent_3_237_thought_8974ed70-c466-4ca8-9697-ab39ad9bd7f1",
        "agent_3_238_broadcast_perceived_ba704f64-0a88-4bc2-9c89-4ffe75851c2e",
        "agent_3_239_broadcast_sent_1c698ac4-e804-4019-9eec-c5c5206da39e",
        "agent_1_240_thought_1538f896-7a22-4589-81d8-4ff1b568a1d3",
        "agent_0_241_broadcast_sent_9308db6e-e8ad-4801-8900-03fd5397f1e1",
        "agent_2_242_broadcast_perceived_47e9404c-6c90-4821-b9db-56989e94c127",
        "agent_3_243_broadcast_perceived_f37278d4-9637-41fe-b6fa-5b8be67a755b",
        "agent_3_244_broadcast_perceived_898f46f8-8dc3-4a97-a2cb-04d18f468a12",
        "agent_1_245_broadcast_perceived_77d83534-9a5d-4ae4-8f73-fab11d157bd9",
        "agent_4_246_thought_8d200edd-4235-4e1b-98dc-80c6f6580d65",
        "agent_3_247_broadcast_sent_b3995321-b187-4393-adbe-3c0c64df7589",
        "agent_3_248_broadcast_sent_fd901c36-b3bc-45d8-994b-0080814804e6",
        "agent_0_249_broadcast_sent_2e4f7a9f-5f1a-4e72-8cb5-9f64d9a012ed",
        "agent_0_250_broadcast_sent_28dae8ce-0bb2-4c36-aedd-e21703154069",
        "agent_0_251_thought_12a00ee3-7fae-4cc2-a959-d5ee6506e63f",
        "agent_4_252_broadcast_sent_965166ff-0ce1-4e29-80f6-3135396d9c1e",
        "agent_0_253_broadcast_sent_9df1ce23-80ab-4924-984d-5b650b606483",
        "agent_2_254_broadcast_perceived_31ce1c69-97af-46bb-acfd-79b1d1d418e6",
        "agent_3_255_broadcast_perceived_156d85b9-b258-4197-86c9-e6ce363b2562",
        "agent_1_256_broadcast_sent_6cbfb729-ce8c-407f-8daa-ffaeb024ac68",
        "agent_3_257_thought_761be1c2-ca87-479d-8c4d-d27b16b2b86f",
        "agent_4_258_broadcast_perceived_1e4f8c67-f0c7-438c-bae0-70c4304a4625",
        "agent_0_259_broadcast_sent_8debe0e7-043f-4435-9e68-d83b6e8e2205",
        "agent_3_260_thought_acd7e7de-0954-4e3e-a19a-5695a29fc9fc",
        "agent_1_261_broadcast_sent_352ce0b4-c66e-4245-98f9-97cd37e35e08",
        "agent_4_262_broadcast_sent_2db4c988-280b-4cdf-912c-da3c2e57abd0",
        "agent_1_263_broadcast_sent_da8fd0b9-39b9-476b-9879-d15e2a18fc0c",
        "agent_3_264_broadcast_sent_6edd6552-c518-4497-a42b-978cfc8cf1cf",
        "agent_1_265_broadcast_perceived_5e2aa176-9167-4e85-85dd-60250233af9d",
        "agent_3_266_thought_7a08558e-aae1-4a18-9593-745ae78d76de",
        "agent_3_267_thought_3213f0b8-023b-42f6-a08a-f994962cc69b",
        "agent_2_268_broadcast_sent_eeacb98c-99b9-4c3a-85ed-f8d3fae9b022",
        "agent_1_269_broadcast_perceived_c8c2c998-3fd0-4b18-a17c-53271da56bed",
        "agent_1_270_thought_77ff5a41-d7b3-45ab-86d3-ad7bedba75b3",
        "agent_1_271_broadcast_perceived_6ad9db9f-ea7a-494e-a202-3da13fa01cd0",
        "agent_4_272_broadcast_sent_52de3641-df9c-42db-b23e-c4af77945ca5",
        "agent_4_273_thought_f6d21ad5-42ad-4233-9bf8-fadbfdf974e7",
        "agent_3_274_broadcast_sent_1174c2f5-c407-47a7-b9bb-62e2a313f9ab",
        "agent_2_275_broadcast_perceived_c8550e6b-8269-47ce-8c9e-84a3c77da714",
        "agent_1_276_thought_9dc8e0b0-2399-45f6-b664-ebf9542f0b98",
        "agent_4_277_broadcast_perceived_e111d742-4759-4b7b-a6f5-dfceb75fa3a3",
        "agent_4_278_broadcast_sent_2594b3ef-d0f9-4df4-bdf1-105e534de05a",
        "agent_0_279_broadcast_perceived_7c8bec4b-4367-4eab-86e7-cfa1a5fdf770",
        "agent_4_280_thought_1b961926-b919-4b4d-aea1-f27e7dc4426e",
        "agent_4_281_broadcast_sent_05373888-288a-4e7e-af90-fdd0190005da",
        "agent_2_282_broadcast_perceived_362a3afe-83e7-4890-b8a7-666d814dc22f",
        "agent_3_283_broadcast_perceived_acc17c55-9c86-47cc-b5da-49c430d86521",
        "agent_2_284_thought_7282df21-5605-4198-8ba2-f89b93ee51a8",
        "agent_1_285_broadcast_sent_6b283ab9-af1b-413b-b3d6-068f61d738cc",
        "agent_0_286_broadcast_perceived_d35a4b35-ac4b-4156-994d-68871f0016c7",
        "agent_0_287_broadcast_sent_d8a29a39-a17e-41e0-908f-61e7c3ce393d",
        "agent_1_288_broadcast_perceived_7e0aede0-56cd-422c-a58a-811266d310d8",
        "agent_3_289_broadcast_perceived_d1cdd961-b016-4c3d-b1c0-c32451cd21aa",
        "agent_0_290_broadcast_sent_bd6e9b62-af9b-4604-94b7-58a2b4b05ba9",
        "agent_1_291_broadcast_sent_2e027c46-b241-48fe-baf8-5bd6c180d06f",
        "agent_3_292_thought_a8b5c813-54ab-4179-8499-c2d25fbd9e1f",
        "agent_2_293_broadcast_sent_4e1bf02c-55d4-40f3-b7be-005d24d4ce73",
        "agent_3_294_thought_4e9b4b8f-022c-426b-9e1a-b12a4701207a",
        "agent_2_295_thought_36481e86-36b7-4334-834e-e7b72be213fb",
        "agent_3_296_thought_ff11a001-b222-4ea6-9ce5-bdfd76c99208",
        "agent_0_297_broadcast_sent_9094ddf4-40cd-4702-9fe7-e46cb6125057",
        "agent_4_298_thought_a7ab0bb2-7f25-49bd-858a-7b38d395e1e3",
        "agent_3_299_thought_e86eca95-f3d8-430d-88af-153397a36928",
        "agent_1_300_thought_5ddbcd61-e465-46dc-aa06-00df0125e8d9",
        "agent_3_301_broadcast_sent_1fa1f16e-d6d0-4f33-bce4-55c9bb08f080",
        "agent_1_302_thought_b11e3414-dbd4-46b4-b96f-aee1ec74ab6c",
        "agent_4_303_broadcast_perceived_3108c49b-8df7-444e-970c-e6b6c8bcbcea",
        "agent_4_304_thought_a1b908f8-1ae1-46ef-a6f3-85c64e8aedd7",
        "agent_0_305_thought_5f536f1c-4fc6-4bd7-8629-67ba5b6aced8",
        "agent_3_306_broadcast_sent_0d9820ad-b051-4d5c-b264-8e95db6e2e73",
        "agent_1_307_thought_d3ddd69a-ecb7-4d46-ae77-b027339c106d",
        "agent_0_308_thought_d5bb0167-377f-4bcc-bfa4-b6f7e22de60d",
        "agent_0_309_broadcast_perceived_8c809981-c196-444b-b4b7-bdd1a82d07e5",
        "agent_1_310_thought_6eee8b50-e412-4584-b6ae-719323a702d2",
        "agent_3_311_broadcast_sent_78979611-96dc-42ed-9258-891e8b123ed7",
        "agent_2_312_broadcast_perceived_c0729e88-a0f5-4fc7-b838-7da502f4f45b",
        "agent_1_313_thought_d14f524c-91d4-4275-a867-95c63f63f846",
        "agent_2_314_broadcast_perceived_544b004d-7006-4e03-abf2-be498a5821ff",
        "agent_0_315_thought_ade00ed0-b8cc-4bb6-9256-1265817cd9e3",
        "agent_0_316_broadcast_perceived_313a8dba-1215-4703-b12f-c64ac7c9b336",
        "agent_0_317_broadcast_sent_37603eef-12c4-41ce-9e07-ba3d70c802ce",
        "agent_4_318_broadcast_perceived_59ae2ee9-70fd-419b-b690-a3a297706b7a",
        "agent_3_319_broadcast_perceived_4f20dd58-d888-4bf1-9690-89555308ebd3",
        "agent_2_320_broadcast_sent_dec75709-ded9-457d-a6e6-ad385fb3f0c3",
        "agent_0_321_broadcast_sent_487d62eb-156c-4b3e-baa7-5694fb0d0354",
        "agent_4_322_broadcast_sent_96254ef6-aa56-4517-ba34-69cc09382a1c",
        "agent_0_323_broadcast_sent_721f0fe9-b65b-476a-9e52-aa026f321bb9",
        "agent_2_324_thought_10dcced7-623e-414a-a6aa-b7fcb1040ea1",
        "agent_1_325_broadcast_sent_642cca66-6035-4fdb-8170-fa62af74f80c",
        "agent_4_326_broadcast_sent_3ef044a8-f389-4a7b-b78f-4509c591147d",
        "agent_3_327_broadcast_sent_4dd767b3-349c-41f9-8496-f0da0067c0d8",
        "agent_2_328_thought_2329cda9-09d5-4c85-a641-8ae553e3cb77",
        "agent_0_329_broadcast_perceived_18ae1641-8054-42a9-ad93-126f963da29d",
        "agent_0_330_thought_f70d1849-8415-46ee-bcc5-df4fd91e1ea8",
        "agent_2_331_broadcast_sent_fef1f733-6d3e-4991-b560-304da26040ac",
        "agent_3_332_broadcast_perceived_80d5031b-0aea-4e71-bf53-1205dcdef659",
        "agent_1_333_broadcast_sent_34624843-74f0-4ac8-94c7-40bd8c0fd62c",
        "agent_3_334_broadcast_perceived_7eac4eaf-0bb9-496a-bb5d-94ec26f5c829",
        "agent_4_335_broadcast_perceived_f1299d9d-8c1b-4cfd-9d70-0653ef93728e",
        "agent_3_336_broadcast_sent_115089f0-7d10-42cc-804c-b851f44e7425",
        "agent_3_337_thought_4b2ae7d2-9fd0-49a6-9e04-ca13cbe2ec34",
        "agent_2_338_thought_da6c971b-a2f5-4346-9f55-7c7b499ea891",
        "agent_3_339_broadcast_perceived_1867e9cb-dc24-45bf-90f0-f04af812e476",
        "agent_0_340_broadcast_sent_b5992c03-9ec4-4284-bbcb-8e0eb01cd6d4",
        "agent_2_341_broadcast_sent_7636cf3a-f1db-4953-97aa-515a3b3af2b4",
        "agent_0_342_broadcast_sent_54e20667-3293-449a-974d-a52391ace57c",
        "agent_1_343_broadcast_sent_caa29934-9fe3-41bc-8584-ca16747bae8c",
        "agent_4_344_thought_ac4f77f2-89b4-4379-a304-93f2743aaf82",
        "agent_4_345_thought_f5be0963-aab3-4e91-9638-32b9a2a55201",
        "agent_0_346_thought_38e435f7-91f3-4f1f-931b-92ff371ac81a",
        "agent_4_347_broadcast_perceived_7ff64f9b-ac81-4dbb-848b-67216e95e061",
        "agent_0_348_broadcast_perceived_7c5767d2-175e-4ecd-842c-2895c5e92223",
        "agent_3_349_thought_818cfb26-05ed-4ece-a85c-d385c842387e",
        "agent_2_350_thought_5bc8bd8c-4199-4e77-bdb2-295ef5c16c7d",
        "agent_4_351_thought_ae960ee3-830e-4d28-9d53-f7a8afa4bf80",
        "agent_3_352_thought_5ce92bdb-82b3-4a93-9e06-5178248357aa",
        "agent_0_353_thought_5e7d1835-83c3-4106-8bd2-172d6650a428",
        "agent_2_354_broadcast_perceived_afe8d64d-797f-4d3a-a44a-1b1b2fe41fa0",
        "agent_0_355_broadcast_perceived_75841e69-b1ad-40ae-b997-9e9e68616264",
        "agent_2_356_thought_e48630fa-ebcf-4226-a095-e309175785c6",
        "agent_2_357_broadcast_sent_a3585a80-2555-47ce-9ea9-7277f767c511",
        "agent_2_358_thought_3fd6d246-e324-44e6-a5c3-25c88f39ba66",
        "agent_0_359_broadcast_sent_19c4b9dd-c993-43dc-861d-b8a96ec41a65",
        "agent_3_360_broadcast_perceived_b3e2150e-a9eb-4d7e-8e29-d2a7dba7b5cc",
        "agent_1_361_thought_65cc21fd-5e35-4952-986d-aba54217b743",
        "agent_4_362_broadcast_sent_21f650bb-2a47-4886-b244-3d334af08dd1",
        "agent_1_363_broadcast_perceived_9af3d435-fba9-4c7f-a455-e40f35fe0011",
        "agent_3_364_broadcast_perceived_c901c10b-e299-4af8-9bf0-52faaf641623",
        "agent_1_365_broadcast_perceived_7ef99b20-88fc-4f79-ad0f-186b62e0e643",
        "agent_0_366_broadcast_perceived_32f4070c-a0a8-4555-89e5-b5fce7efc078",
        "agent_1_367_thought_6b82d0ec-4265-4e42-9fc0-f0875845fbf8",
        "agent_3_368_broadcast_sent_83a53542-0b16-49a7-9012-7fd8dfd93cbf",
        "agent_1_369_thought_d053f91b-d319-47fa-b48a-07843bc6b0a3",
        "agent_1_370_broadcast_perceived_0bbdd2a7-eaf1-4dd4-9637-4c1937d34792",
        "agent_1_371_broadcast_sent_2e7d3a79-791d-40a5-96e8-c652ec41fdaf",
        "agent_3_372_broadcast_sent_73aafec2-04cd-4834-aead-58f52dd0cb8a",
        "agent_0_373_broadcast_sent_e11c7067-aa45-4593-a0ed-ef340887aa79",
        "agent_0_374_broadcast_sent_289adc1c-4e0e-4a57-b9fe-b307dd0336cc",
        "agent_2_375_broadcast_sent_9a97485c-f267-4777-87be-3f6cee1cc6b2",
        "agent_4_376_broadcast_perceived_8d0d5f27-edfd-48ed-81f8-5b9cbccca1ce",
        "agent_1_377_broadcast_perceived_b2cab520-7ccc-493d-9796-e736a230fd1b",
        "agent_1_378_thought_596e0904-a967-408f-92f9-68d6ba62a9c2",
        "agent_0_379_broadcast_perceived_d6775fe5-3142-4ba5-b55b-da019c2989bf",
        "agent_2_380_thought_8743ee85-f47e-472a-a8f0-4b96c1c46b5f",
        "agent_3_381_broadcast_perceived_44855909-fd68-4d86-836b-91be56a923e4",
        "agent_2_382_broadcast_perceived_fd6c9d29-805e-41d5-b70a-b23d9ba398e5",
        "agent_4_383_broadcast_perceived_c2dfe38d-a057-4509-b5e7-a5a3fd755b28",
        "agent_3_384_thought_9aadace0-04af-46c4-b5e8-7b2e2e506015",
        "agent_2_385_thought_a4170b4f-67ca-45dd-96a5-3566b05f5261",
        "agent_0_386_thought_5220ac21-1164-483b-a3f5-812646dd3b97",
        "agent_3_387_broadcast_sent_da37fd8e-62d9-4dd5-b748-a5bb2bda09b5",
        "agent_0_388_broadcast_perceived_e15b66fc-98b8-44cd-aa7c-3f5ca6bcb211",
        "agent_3_389_broadcast_perceived_dfc3eb4a-4c0a-4397-89e0-b13c889c86a3",
        "agent_1_390_broadcast_perceived_530a4d81-7425-4bf7-a9ac-6b7737c9ea21",
        "agent_4_391_broadcast_perceived_f36fc4b7-9107-46f3-9f6c-16747e4ab017",
        "agent_2_392_broadcast_sent_a71bc0d5-2512-4845-aadc-42865164d26c",
        "agent_1_393_broadcast_perceived_befd26ce-f075-458e-850f-d251f1ae05e4",
        "agent_2_394_broadcast_perceived_83842fb7-9f28-4af3-b6cf-5cdff16c8c7c",
        "agent_3_395_broadcast_sent_c05886f1-a20b-4582-82bb-1ffb5789142a",
        "agent_4_396_broadcast_perceived_ee0c2890-ab76-482f-af49-5dd63ca022c6",
        "agent_1_397_broadcast_perceived_0fb9d736-d532-4590-822a-ff31327dc6c9",
        "agent_0_398_broadcast_sent_22a12e10-7f58-4f3a-9d52-82c9e2fdf127",
        "agent_1_399_broadcast_perceived_60a340e0-3a44-48a3-a781-dfdb6f635746",
        "agent_4_400_broadcast_perceived_22ee5822-de25-4008-af18-2bbe8f833803",
        "agent_3_401_thought_904cd110-54d5-420c-ae4e-74e2e70eb646",
        "agent_0_402_broadcast_perceived_55013b73-c427-42b1-9f9c-79ffab810e93",
        "agent_2_403_broadcast_perceived_e1305529-de62-4c6b-8693-c86a9961a0a8",
        "agent_4_404_broadcast_sent_f46ca0b2-c299-4aa9-8458-9b7db73b2340",
        "agent_2_405_broadcast_perceived_07add1bd-96a7-4c5b-a91b-ffd4762e119e",
        "agent_3_406_broadcast_sent_6919b757-3576-4240-9e10-86c289432d1e",
        "agent_3_407_broadcast_perceived_ec20224c-dabc-4372-9b8d-5d3778faa28e",
        "agent_4_408_broadcast_sent_4f3520ad-903f-45f9-b87c-637d086d364f",
        "agent_0_409_thought_f03d890a-014b-4c47-abb1-28ea33b62715",
        "agent_3_410_broadcast_perceived_888fce6c-037d-4f55-9ee1-ff4d2883484b",
        "agent_4_411_broadcast_perceived_95419452-b3e3-49eb-80f4-c428d70a0db9",
        "agent_0_412_broadcast_perceived_7974dc75-8154-44e0-af4f-39e1032a3896",
        "agent_4_413_broadcast_perceived_b2587841-b452-4141-b341-4052fbd89c68",
        "agent_4_414_broadcast_sent_fe793a04-5428-4a40-97d9-f48bc9e1c37e",
        "agent_4_415_thought_82052590-cc34-4fbc-9800-77a2735c89f9",
        "agent_0_416_thought_936a302d-557e-4413-b550-d0c2c98df023",
        "agent_2_417_broadcast_perceived_78d096c0-da42-47a4-a90d-2b8388ca666c",
        "agent_4_418_broadcast_sent_469dd3ee-ea04-4fbc-8991-6977a6404b01",
        "agent_3_419_broadcast_perceived_df737e58-85b9-4515-9f32-e106dc6b54a1",
        "agent_2_420_broadcast_sent_9bceac81-8757-4b28-abd9-3b66ca8f6904",
        "agent_2_421_thought_757af8a4-060e-4c39-ab2a-095515697d56",
        "agent_2_422_broadcast_perceived_2d89c032-940f-4366-a5fe-87057a3a6df7",
        "agent_0_423_broadcast_perceived_47675f20-fc51-4d99-a803-fa2c11a54eef",
        "agent_2_424_broadcast_perceived_ba66eb0e-9b7e-42f2-8e34-b477953aa871",
        "agent_0_425_broadcast_sent_a334342d-22e9-42d1-9fa3-10c1334e1a42",
        "agent_2_426_broadcast_perceived_bdaab0b3-9988-4414-ab7c-44ee31076490",
        "agent_3_427_broadcast_sent_270cbefe-ac90-431c-9472-3c24fe236ad6",
        "agent_0_428_thought_aabc94dd-eb46-4c17-a087-0192b882250f",
        "agent_4_429_broadcast_perceived_6b096f62-85f0-4102-8992-4693b2b22bbf",
        "agent_3_430_broadcast_sent_bfd866d7-4a78-4a36-ab64-6e43f8b63893",
        "agent_4_431_broadcast_perceived_b1a91de2-8f71-4749-929f-ee3a56f29e90",
        "agent_4_432_broadcast_sent_1dbcec43-238b-4e2e-bd0a-aa2cc5bb5488",
        "agent_1_433_broadcast_perceived_bb0531b6-fe22-4d84-a96b-fc78e04f41f8",
        "agent_2_434_thought_232f089d-99a5-4a86-9be2-1e4aa49ff7a3",
        "agent_1_435_broadcast_perceived_b504f549-06b5-411d-bda9-c738018ab35d",
        "agent_0_436_broadcast_sent_ffaf4d7c-48d4-4803-9c16-c7cc5dd7cf45",
        "agent_0_437_broadcast_perceived_04465f97-89a6-4ddb-823b-7b6dca3789e4",
        "agent_1_438_thought_c405ba0a-f4de-4c5e-a708-9baab8d8bcbd",
        "agent_0_439_broadcast_perceived_96cdb51d-6d55-4e27-a06f-436a798fce94",
        "agent_2_440_broadcast_perceived_f57439c5-233d-4e32-9617-2dd70621b45a",
        "agent_3_441_broadcast_perceived_a6a56df0-dd0c-4ce3-b6d7-87a6d525e471",
        "agent_1_442_broadcast_perceived_a0f05720-d1ad-4883-8fca-ae441b6a02f3",
        "agent_4_443_broadcast_sent_218f6a54-36e5-465c-a4fb-4527afa45f32",
        "agent_0_444_broadcast_sent_2ef5bc14-756e-4a87-8559-17e92ad4a0f9",
        "agent_2_445_broadcast_sent_da28f25b-d74e-496b-a57d-ce647e5b619f",
        "agent_3_446_broadcast_perceived_bee857d1-fb1e-4eb9-b06a-e48861459bb2",
        "agent_0_447_thought_a80e17b4-93a0-49be-898b-d8d81e747d91",
        "agent_4_448_broadcast_perceived_0f318d65-2e84-4010-a3de-5658aa429a42",
        "agent_1_449_broadcast_perceived_bda74e8e-a226-4151-b1c3-81aac634f48b",
        "agent_2_450_broadcast_sent_5e7b50a5-b647-4f2f-adf8-740620bbaacc",
        "agent_0_451_broadcast_sent_4805da4c-1902-4555-8dbb-e60f3be010ce",
        "agent_2_452_broadcast_sent_fa9c2d7f-1cc4-4b36-9272-5b3caa76fedd",
        "agent_3_453_thought_004cbb46-47dd-4c6b-9da4-04889ae53ff8",
        "agent_1_454_thought_68ebdf7b-6c1b-4b0a-8b45-eed4ef8ca2d9",
        "agent_4_455_thought_9385b05d-ff19-434a-a14d-ddd5c99deeb3",
        "agent_1_456_thought_0e9c7409-1169-420e-a170-2f5698670023",
        "agent_1_457_broadcast_perceived_83fd2e5a-257e-4dba-b016-6b8139cc1eee",
        "agent_1_458_broadcast_sent_dc36b388-221e-4b07-9a4e-9c75fd9903db",
        "agent_2_459_broadcast_perceived_bf5bedae-96b6-4147-a914-33f69655d482",
        "agent_3_460_broadcast_sent_96378cc7-5c16-4cfa-aeca-b15c40c0b911",
        "agent_2_461_thought_6020e57c-ed75-448f-af25-42bf2cbb1249",
        "agent_3_462_broadcast_sent_4355634f-9c17-42cd-abdc-8b468ea1230d",
        "agent_2_463_broadcast_perceived_ef8ef513-9791-4407-9ea2-2b53c73c699c",
        "agent_0_464_broadcast_sent_5f47f8b5-a127-4acd-a8a3-cbb5b45a2519",
        "agent_4_465_broadcast_sent_db2d4669-2cf6-46a8-89d7-c35050e49a11",
        "agent_0_466_broadcast_sent_7c022e7a-371e-474b-972c-02a1d6662b11",
        "agent_2_467_thought_61ee142b-320f-4fb4-8684-69bb50580a8a",
        "agent_2_468_broadcast_perceived_5396ef87-2e98-4c2d-ac1b-b2dedbb5ec95",
        "agent_4_469_thought_ae674b0a-4021-4ac2-abeb-1ac3f1efbe78",
        "agent_3_470_thought_0073fd06-3911-400d-b60b-ebce69023ddd",
        "agent_2_471_broadcast_sent_ff13543f-cec5-47f4-804d-2aa5b44bd479",
        "agent_2_472_thought_5fd8a7b6-85e1-4752-a203-cd8177a9f082",
        "agent_2_473_broadcast_sent_3c65ba61-0805-4ff4-a249-5a9aa8b31a94",
        "agent_3_474_thought_d89bb314-8d94-432d-8ff0-83ff3f7cd40a",
        "agent_3_475_thought_34a3a9ed-1c86-4be0-9667-1872555558ea",
        "agent_4_476_broadcast_perceived_5bd0ae46-7e5f-478e-b4fd-69990040b0b0",
        "agent_2_477_broadcast_sent_8654c2c8-66eb-4419-84b9-9113380dc142",
        "agent_0_478_broadcast_perceived_6f3aeb8e-fc77-4f5a-9919-f2c11296e2f4",
        "agent_4_479_broadcast_sent_25d7732b-0041-400a-b0b9-c12ea431b5e1",
        "agent_1_480_broadcast_sent_f142abbe-853a-438a-9449-5a0b9ea73918",
        "agent_3_481_thought_fa822bfd-72e7-49b7-a13a-4b6e058fa0f0",
        "agent_3_482_thought_9996bf6e-2070-451e-8ceb-774493d95898",
        "agent_0_483_broadcast_sent_4f528f03-258e-409a-b26c-d4b9806c3121",
        "agent_1_484_thought_fd622ccb-600e-4386-a14d-9412296678e4",
        "agent_4_485_broadcast_sent_dbebd650-f177-4517-ac83-07d2ff5e6841",
        "agent_4_486_broadcast_sent_431ba1a0-6610-443d-b1f3-01e792a103ff",
        "agent_1_487_thought_80504d28-2698-40f3-b068-d6c662dbc1c2",
        "agent_2_488_broadcast_perceived_dbaa9a43-2503-4bc2-bc21-2226de2ef8f1",
        "agent_1_489_broadcast_perceived_916f7cd4-ac87-4973-8769-8f4baa9931e6",
        "agent_3_490_broadcast_sent_17d9c8d0-e3a1-4fca-9969-1a5a39f18c37",
        "agent_0_491_broadcast_sent_b45bf108-6f67-4a5b-a1c4-d6f641a99fe9",
        "agent_2_492_broadcast_perceived_286372eb-650b-41c8-a452-20833478cb87",
        "agent_0_493_broadcast_sent_9dfb90bc-05b4-4c86-9865-70ae0111e29c",
        "agent_0_494_thought_3aa7c410-7d18-4b3c-a7ca-623574503871",
        "agent_4_495_broadcast_perceived_292043db-46ca-4ab6-81e3-e78005f530a3",
        "agent_3_496_broadcast_perceived_fc7c51a9-f208-4a52-b10c-727424887260",
        "agent_4_497_broadcast_sent_a32683cf-52d5-451d-a279-d0ac7fcd6165",
        "agent_1_498_thought_db0d597b-4df4-448d-860f-76e510be2d26",
        "agent_4_499_thought_ef5168b0-2810-4f79-a43d-3adadce6d71f",
        "agent_0_500_broadcast_sent_fa404a4e-be0f-4dee-bd77-f5cedf86d3da"
      ],
      "l1_memory_ids": [
        "agent_3_1000_l1_summary_6abe265a-a248-4b88-8f0a-296532f383f6",
        "agent_0_1001_l1_summary_911de1ae-ebb6-4f03-a2a8-1a29f468c8b9",
        "agent_0_1002_l1_summary_4713a2e1-b077-4ef5-825a-2bb7e0441e4e",
        "agent_3_1003_l1_summary_09b76b12-f215-4ac9-8b44-eb632f225b87",
        "agent_3_1004_l1_summary_8c53356c-1c5f-47f8-b0e3-4907c79b1615",
        "agent_2_1005_l1_summary_c72645ab-05a1-4660-8165-66c181e06861",
        "agent_1_1006_l1_summary_f5d3fe38-b6d1-4276-a923-1a63cd3d9402",
        "agent_0_1007_l1_summary_aa541eff-4329-4f3a-a4a9-5a4d40edd597",
        "agent_1_1008_l1_summary_140c2979-c7d1-4f85-b5ef-180335f8aa18",
        "agent_1_1009_l1_summary_0caff402-7537-4faf-8f3f-e0e7d8968672",
        "agent_1_1010_l1_summary_9ec5356f-537d-41cd-adfb-0d56025efe4d",
        "agent_0_1011_l1_summary_37b58593-0c46-43d7-bd33-48b9048bbcf0",
        "agent_0_1012_l1_summary_c556bb0b-e369-4b4b-894c-e1700c5a378c",
        "agent_3_1013_l1_summary_6dbe14dd-a06c-4ddb-ad5a-21d6a8155701",
        "agent_0_1014_l1_summary_96e8937e-a43c-4110-8476-f03e208bd3cf",
        "agent_0_1015_l1_summary_b1a9c6be-b248-486f-a3a4-8e3133aa67ed",
        "agent_2_1016_l1_summary_7f3e4803-2558-41b7-9cac-2f3ff8fd769e",
        "agent_2_1017_l1_summary_552fd4c8-a3f2-4602-a537-247f51bb4918",
        "agent_4_1018_l1_summary_5ca7857f-4c10-4411-85ce-459628148fe0",
        "agent_0_1019_l1_summary_70d4edc8-eecb-4c51-9a06-5f15fa9009d1",
        "agent_1_1020_l1_summary_2c36f700-f79b-4e17-a62d-0310ea81405a",
        "agent_0_1021_l1_summary_782858e1-f8e5-4ad1-a19b-6bdb638dfa4f",
        "agent_0_1022_l1_summary_c441804a-8542-479e-9373-6461c507c1c1",
        "agent_4_1023_l1_summary_fb14788a-4111-4658-b032-68e2a1a571ff",
        "agent_2_1024_l1_summary_7345390a-e702-4da6-8ba5-8de6e1fe3124",
        "agent_4_1025_l1_summary_74f77437-83a3-411d-a6df-62ad9d878cc0",
        "agent_3_1026_l1_summary_3a425054-4f00-4844-ba08-4d6b78dd404f",
        "agent_3_1027_l1_summary_50bf95c3-b2c9-4514-a588-f7aefb8cbe41",
        "agent_4_1028_l1_summary_c9b6da8d-5340-418f-bb23-1592dc59190b",
        "agent_3_1029_l1_summary_6c3eaa57-624a-46d3-b9b0-3a92ad154d3d",
        "agent_0_1030_l1_summary_462cd17d-8d05-447e-8fb7-5ae252a53635",
        "agent_2_1031_l1_summary_e5fc87a4-0cdb-40f3-9d75-bfbb89782140",
        "agent_3_1032_l1_summary_f75fa621-dec6-447d-a8f1-9745d006ec80",
        "agent_0_1033_l1_summary_25ae84fd-9454-4798-a53c-0c7629f0b386",
        "agent_4_1034_l1_summary_e6adb7f8-c507-4773-8cc4-71011dbc22bb",
        "agent_1_1035_l1_summary_67e261e4-4db1-4fb7-8b9e-15995ac272a3",
        "agent_2_1036_l1_summary_58dfa833-9979-40a1-b87b-2fad92f2b10f",
        "agent_1_1037_l1_summary_0759d098-e283-453f-9488-5a5316a75690",
        "agent_3_1038_l1_summary_5f4400f5-7690-4814-ad7c-f4c3fa4a68e5",
        "agent_2_1039_l1_summary_f6e16cdd-3310-465f-9e2f-fe22c5cb52c0",
        "agent_2_1040_l1_summary_0eeb0874-c6a1-4c11-805b-9b36e2b7be4a",
        "agent_2_1041_l1_summary_4d900625-3757-4520-97ec-5de400776786",
        "agent_2_1042_l1_summary_7fa926be-c895-44b2-8e8b-a6497237780b",
        "agent_1_1043_l1_summary_8356120b-5960-476a-9a30-65dc9110d885",
        "agent_2_1044_l1_summary_c05f89b2-2c29-49bc-8a83-1e02c2697cf3",
        "agent_0_1045_l1_summary_c1ca89f5-59d9-474f-86bd-6bfc41b1cd2a",
        "agent_3_1046_l1_summary_9975e956-9c7b-4899-804b-937e76064b69",
        "agent_2_1047_l1_summary_808fc8a2-8771-4fc3-a1ba-af2395c4a1aa",
        "agent_4_1048_l1_summary_2241e103-4dba-4b0d-aa95-7e83c66ce731",
        "agent_1_1049_l1_summary_dd3dea2e-4989-4bb5-a20a-28cb942346cb"
      ],
      "l2_memory_ids": [
        "agent_4_2000_l2_summary_b55023ab-5e7a-4fa2-be04-86b354a0669e",
        "agent_2_2001_l2_summary_970886d9-49a8-4474-bacf-1f600dcf5b7d",
        "agent_3_2002_l2_summary_e09b8f8e-74bf-434a-8f22-2b0bd76729ec",
        "agent_2_2003_l2_summary_072a9334-2d92-4e9b-ab79-61e787411079",
        "agent_2_2004_l2_summary_8be3fd53-640f-4e3b-b972-af48073fffd0",
        "agent_4_2005_l2_summary_380aec29-5b6e-4fb5-9f39-d0cccf969b1a",
        "agent_4_2006_l2_summary_65a47aa3-bec4-43fd-91ed-fb9ddfd89264",
        "agent_3_2007_l2_summary_8f37d221-7148-4989-b2ec-93bff1165ec7",
        "agent_1_2008_l2_summary_b8c8ff64-931e-41b6-944c-7a637318ae1e",
        "agent_3_2009_l2_summary_0974409b-68ff-4c2b-b456-1a720b808ba4"
      ],
      "relevant_retrieval_time": 2.046867499997461,
      "filtered_retrieval_time": 1.4741748999986157,
      "query_time": 0.27189320000252337,
      "total_retrieval_time": 3.7929355999986,
      "l1_mus_prune_time": 0.009070800002518808,
      "l2_mus_prune_time": 0.008585700001276564,
      "l2_age_prune_time": 0.0076995000017632265,
      "l1_mus_candidates_count": 0,
      "l2_mus_candidates_count": 0,
      "l2_age_candidates_count": 0,
      "delete_time": 0.07264719999875524,
      "deleted_count": 100,
      "success": true,
      "initial_resources": {
        "cpu_percent": 0.0,
        "memory_mb": 497.515625
      },
      "final_resources": {
        "cpu_percent": 698.1,
        "memory_mb": 525.3203125
      },
      "resource_delta": {
        "cpu_percent_delta": 698.1,
        "memory_mb_delta": 27.8046875
      }
    }
  ],
  "benchmark_parameters": {
    "num_memories": 500,
    "num_queries": 50,
    "num_runs": 1,
    "num_l1_summaries": 50,
    "num_l2_summaries": 10
  },
  "timestamp": "2025-05-10T16:30:08.378973"
}