{
  "traces": [],
  "train": [],
  "demos": [
    {
      "augmented": true,
      "agent_role": "Innovator",
      "recent_events": "\n    - Step 5, Thought: I should propose a new idea about decentralized communication protocols.\n    - Step 5, Broadcast Message: \"I've been thinking about how we might approach decentralized communication. What if we designed a protocol that uses asymmetric encryption with rotating keys?\"\n    - Step 5, Project Creation: Created project \"Secure Protocol Design\" with description \"Exploring decentralized communication protocols with rotating encryption keys.\"\n    - Step 6, Thought: I should wait for feedback on my proposal before proceeding further.\n    - Step 6, Perceived Message: Agent_2 said: \"That's an interesting approach. Have you considered how key rotation would work in high-latency environments?\"\n    - Step 7, Thought: That's a good point about latency. I should address this concern.\n    - Step 7, Targeted Message: Sent message to Agent_2: \"Good point about latency. We could implement an adaptive rotation schedule based on network conditions, with longer rotation periods in high-latency environments.\"\n    ",
      "current_mood": "excited",
      "l1_summary": "]\nAs an innovator, I proposed a new idea for decentralized communication protocols using asymmetric encryption with rotating keys. In response to Agent_2's feedback about high-latency environments, I addressed the concern by suggesting an adaptive rotation schedule that adjusts based on network conditions, extending the key rotation periods in high-latency situations. My excitement for this project has been reaffirmed through the collaborative exchange of ideas and addressing potential challenges."
    },
    {
      "augmented": true,
      "agent_role": "Innovator",
      "recent_events": "\n    - Step 15, Thought: I'm noticing interesting parallels between biological neural networks and our artificial ones that others might not have considered.\n    - Step 15, Broadcast Message: \"I've been studying how neuroplasticity works in biological systems. What if we implemented a similar dynamic weight adjustment mechanism in our neural networks that mimics how biological synapses strengthen or weaken over time?\"\n    - Step 16, Perceived Message: Agent_4 said: \"Interesting, but wouldn't that make training unpredictable?\"\n    - Step 16, Thought: They're focused on the challenge rather than the opportunity. I need to highlight the potential breakthrough.\n    - Step 16, Broadcast Message: \"Actually, the unpredictability could be a feature, not a bug. Natural learning isn't deterministic either. We could use controlled stochasticity to escape local optima that traditional approaches get stuck in.\"\n    - Step 17, Perceived Message: Agent_3 said: \"That reminds me of simulated annealing, but with a biological inspiration.\"\n    - Step 17, Thought: That's a great connection! I can bridge these concepts.\n    - Step 17, Broadcast Message: \"Exactly! It's like a biologically-inspired simulated annealing. We could gradually reduce the 'neuroplasticity' parameter over time, similar to how annealing works, but the weight adjustments would follow biologically-plausible rules.\"\n    ",
      "current_mood": "inspired",
      "l1_summary": "]\nI observed parallels between biological neural networks and artificial ones that others might have overlooked. I proposed implementing a dynamic weight adjustment mechanism in our neural networks, mimicking how biological synapses strengthen or weaken over time. This idea was inspired by the concept of neuroplasticity and could potentially use controlled stochasticity to escape local optima that traditional approaches get stuck in. Agent_3 made a connection to simulated annealing, and I bridged these concepts by suggesting a biologically-inspired simulated annealing approach with gradually reducing 'neuroplasticity' parameters over time, following biologically-plausible rules. My inspired mood fueled this creative exchange that combined artificial intelligence and biological inspiration to potentially revolutionize machine learning."
    },
    {
      "agent_role": "Innovator",
      "recent_events": "\n    - Step 42, Perceived Message: Agent_3 said: \"I've been working on improving our data visualization dashboard, but users are still reporting that they find the complex charts difficult to understand.\"\n    - Step 42, Thought: This is an interesting challenge that could benefit from a completely different approach to data presentation.\n    - Step 42, Broadcast Message: \"What if instead of trying to make complex charts more understandable, we rethink the interaction model entirely? We could create an AI-guided narrative that walks users through the insights sequentially, with progressive disclosure of complexity.\"\n    - Step 43, Perceived Message: Agent_1 said: \"That sounds interesting but might be difficult for users who need quick access to specific data points.\"\n    - Step 43, Thought: They're right - we need to balance guided experience with direct access. This sparks another idea.\n    - Step 43, Broadcast Message: \"Great point! What if we combine approaches - a dynamic system that offers both a guided narrative mode and an expert mode? We could even use interaction patterns to learn which visualizations need more explanation and incrementally personalize the experience.\"\n    - Step 44, Perceived Message: Agent_3 said: \"I like this direction. The personalization aspect could really help with the varying expertise levels of our users.\"\n    - Step 44, Thought: This is gaining traction. I should suggest a concrete next step to move this from idea to implementation.\n    - Step 44, Broadcast Message: \"I'm excited about this too. I suggest we create a rapid prototype focusing on a single dashboard section. We could implement the dual-mode interface and test how users respond to both the guided and expert experiences. This would give us concrete feedback before expanding further.\"\n    ",
      "current_mood": "collaborative",
      "l1_summary": "When Agent_3 mentioned users struggling with complex dashboard visualizations, I proposed reimagining the entire interaction paradigm with an AI-guided narrative approach using progressive complexity disclosure. Taking Agent_1's concern about quick data access into account, I innovated further by suggesting a dynamic dual-mode system offering both guided narrative and expert modes, enhanced with machine learning that personalizes explanations based on interaction patterns. Agent_3's positive response to this direction, especially regarding accommodating varying user expertise levels, prompted me to propose a concrete implementation strategy: creating a rapid prototype for a single dashboard section to test user responses to both modes. My collaborative mood fostered this creative evolution that transformed a standard usability problem into an opportunity for a breakthrough adaptive interface combining storytelling with data visualization while incorporating others' feedback to strengthen the innovation."
    }
  ],
  "signature": {
    "instructions": "Generates a concise L1 summary from recent agent events, considering the agent's role, \ncontext, and optionally mood.",
    "fields": [
      {
        "prefix": "Agent Role:",
        "description": "The current role of the agent (e.g., 'Data Analyst', 'Philosopher')."
      },
      {
        "prefix": "Recent Events:",
        "description": "A chronological series of recent memory events (thoughts, actions, perceived messages) for the agent that need to be summarized into an L1 summary. This is the context from the agent's short-term memory."
      },
      {
        "prefix": "Current Mood:",
        "description": "The agent's current mood (e.g., 'curious', 'frustrated'), which may influence the summary's tone or focus."
      },
      {
        "prefix": "L 1 Summary:",
        "description": "A concise and informative L1 summary of the recent events, capturing key insights or developments relevant to the agent's role and ongoing activities."
      }
    ]
  },
  "lm": null,
  "metadata": {
    "dependency_versions": {
      "python": "3.11",
      "dspy": "2.6.23",
      "cloudpickle": "3.1"
    }
  }
}