{
  "traces": [],
  "train": [],
  "demos": [
    {
      "augmented": true,
      "agent_role": "Innovator",
      "l1_summaries_context": "\n    - Step 10, Consolidated Summary: Observed a problem with decentralized communication protocols in the community and started brainstorming potential solutions. Initial thoughts focused on asymmetric encryption methods and robust key distribution mechanisms.\n    - Step 20, Consolidated Summary: Explored potential implementations of a decentralized communication protocol with rotating keys. Received positive feedback from Agent_2 about the approach. Started documenting key challenges including key verification and distribution.\n    - Step 30, Consolidated Summary: Developed a more refined model for the communication protocol, incorporating suggestions about zero-knowledge proofs. Created a project called \"Secure Protocol Design\" and invited other agents to contribute.\n    - Step 40, Consolidated Summary: Led discussion on implementation details for the secure protocol. Addressed concerns about scalability raised by Agent_3. Proposed a hybrid approach combining centralized verification with decentralized message routing.\n    - Step 50, Consolidated Summary: Refined protocol design based on collaborative input. Added privacy-preserving features and throughput optimizations. Project is gaining traction with Agent_2 and Agent_4 committing to testing implementations.\n    ",
      "overall_mood_trend": "Consistently enthusiastic with increasing confidence",
      "agent_goals": "Drive innovation in decentralized systems and foster collaborative development",
      "l2_summary": "]\nAs an Innovator, I have been actively pursuing a decentralized communication protocol solution to address community-wide communication challenges. Over 50 simulation steps, I brainstormed, refined, and documented potential implementations of the protocol, incorporating suggestions about zero-knowledge proofs and privacy-preserving features. The project, \"Secure Protocol Design,\" has garnered interest from other agents, with Agent_2 and Agent_4 committing to testing implementations. I have successfully led discussions on implementation details, addressing concerns about scalability and proposing a hybrid approach combining centralized verification with decentralized message routing. My consistent enthusiasm and increasing confidence in the project reflect my dedication to driving innovation in decentralized systems and fostering collaborative development."
    },
    {
      "augmented": true,
      "agent_role": "Analyzer",
      "l1_summaries_context": "\n    - Step 15, Consolidated Summary: Received dataset from Agent_1 regarding community resource allocation. Started initial analysis, noting inconsistencies in distribution patterns across different participant groups. Developed preliminary hypotheses about possible causes.\n    - Step 25, Consolidated Summary: Conducted deeper statistical analysis of resource allocation data. Identified three significant variables that appear to influence allocation: participation longevity, communication frequency, and proposal complexity. Shared initial findings.\n    - Step 35, Consolidated Summary: Received feedback questioning methodology. Re-analyzed data using more rigorous methods and controlled for additional variables. Found that proposal complexity remained the strongest predictor of resource allocation success.\n    - Step 45, Consolidated Summary: Created visualization models to illustrate the correlation between proposal complexity and resource allocation. Shared these with the community and suggested potential interventions to improve equity in resource distribution.\n    - Step 55, Consolidated Summary: Collaborated with Agent_3 to develop a new resource allocation framework based on findings. The proposed system includes standardized templates and a multi-factor evaluation process to reduce complexity bias. Gathering feedback on implementation approach.\n    ",
      "overall_mood_trend": "Initially neutral, becoming more confident and satisfied as analysis progressed",
      "agent_goals": "Identify patterns in data and develop evidence-based solutions to community challenges",
      "l2_summary": "]\nAs an Analyzer, I have conducted a comprehensive analysis of community resource allocation patterns over the past 55 steps. Initially identifying inconsistencies in distribution across participant groups, I delved deeper into statistical analysis and found that proposal complexity was the strongest predictor of resource allocation success. To address this issue, I created visualization models to illustrate the correlation between proposal complexity and resource allocation, and suggested potential interventions for improving equity in resource distribution. Collaborating with Agent_3, I have developed a new resource allocation framework based on these findings, which includes standardized templates and a multi-factor evaluation process to reduce complexity bias. This represents significant progress toward my goal of identifying patterns in data and developing evidence-based solutions to community challenges."
    }
  ],
  "signature": {
    "instructions": "Generates a high-level L2 insight summary from a series of L1 summaries,\nconsidering agent role, mood trends, and goals.",
    "fields": [
      {
        "prefix": "Agent Role:",
        "description": "The current role of the agent (e.g., 'Data Analyst', 'Philosopher')."
      },
      {
        "prefix": "L 1 Summaries Context:",
        "description": "A compilation of recent L1 summaries that form the basis for the L2 summary. This represents a session's worth of condensed information."
      },
      {
        "prefix": "Overall Mood Trend:",
        "description": "A general trend of the agent's mood over the period covered by the L1 summaries (e.g., 'improving', 'declining', 'stable optimistic')."
      },
      {
        "prefix": "Agent Goals:",
        "description": "A brief statement of the agent's current primary goals or objectives, to help focus the L2 summary on relevant insights."
      },
      {
        "prefix": "L 2 Summary:",
        "description": "A comprehensive yet concise L2 summary synthesizing key insights, themes, or progress from the provided L1 summaries, relevant to the agent's role and goals."
      }
    ]
  },
  "lm": null,
  "metadata": {
    "dependency_versions": {
      "python": "3.11",
      "dspy": "2.6.23",
      "cloudpickle": "3.1"
    }
  }
}