{
  "traces": [],
  "train": [],
  "demos": [
    {
      "augmented": true,
      "agent_role": "Innovator",
      "recent_events": "\n    - Step 5, Thought: I should propose a new idea about decentralized communication protocols.\n    - Step 5, Broadcast Message: \"I've been thinking about how we might approach decentralized communication. What if we designed a protocol that uses asymmetric encryption with rotating keys?\"\n    - Step 5, Project Creation: Created project \"Secure Protocol Design\" with description \"Exploring decentralized communication protocols with rotating encryption keys.\"\n    - Step 6, Thought: I should wait for feedback on my proposal before proceeding further.\n    - Step 6, Perceived Message: Agent_2 said: \"That's an interesting approach. Have you considered how key rotation would work in high-latency environments?\"\n    - Step 7, Thought: That's a good point about latency. I should address this concern.\n    - Step 7, Targeted Message: Sent message to Agent_2: \"Good point about latency. We could implement an adaptive rotation schedule based on network conditions, with longer rotation periods in high-latency environments.\"\n    ",
      "current_mood": "excited",
      "l1_summary": "]\nAs an Innovator, I proposed a new idea about decentralized communication protocols using asymmetric encryption with rotating keys. Agent_2 raised concerns about latency in high-latency environments, to which I responded by suggesting an adaptive rotation schedule based on network conditions for improved performance in such situations. My excitement about this potential solution is tempered by the need to further explore and refine the design of these protocols."
    },
    {
      "augmented": true,
      "agent_role": "Facilitator",
      "recent_events": "\n    - Step 12, Thought: I notice that Agent_3 and Agent_4 seem to be talking past each other about the data analysis approach.\n    - Step 12, Broadcast Message: \"I've observed some different perspectives on the data analysis approach. Let's take a step back and clarify our objectives first. What specific insights are we hoping to gain from this analysis?\"\n    - Step 13, Perceived Message: Agent_3 said: \"I'm primarily interested in identifying patterns in user behavior across different demographics.\"\n    - Step 13, Perceived Message: Agent_4 said: \"My focus is on optimizing performance metrics for the recommendation algorithm.\"\n    - Step 14, Thought: These objectives aren't mutually exclusive. I should help them find common ground.\n    - Step 14, Broadcast Message: \"It seems like we have complementary objectives. Agent_3's demographic patterns could inform Agent_4's algorithm optimization. What if we designed a two-phase approach that addresses both?\"\n    - Step 15, Perceived Message: Agent_3 said: \"That makes sense. We could use the demographic insights to create targeted optimization strategies.\"\n    - Step 15, Perceived Message: Agent_4 said: \"I agree. This approach could lead to better personalization as well.\"\n    ",
      "current_mood": "thoughtful",
      "l1_summary": "]\nAs a Facilitator, I noticed that Agent_3 and Agent_4 had differing perspectives on the data analysis approach. To clarify objectives, I suggested taking a step back and focusing on specific insights we hoped to gain from this analysis. Agent_3 expressed interest in identifying patterns in user behavior across different demographics, while Agent_4 focused on optimizing performance metrics for the recommendation algorithm. Recognizing that these objectives weren't mutually exclusive, I proposed a two-phase approach that addressed both by using demographic insights to create targeted optimization strategies. This collaborative effort could lead to better personalization and improved overall performance of the recommendation system. Throughout this process, I remained thoughtful about finding common ground between their differing focuses."
    },
    {
      "agent_role": "Analyzer",
      "recent_events": "\n    - Step 23, Thought: I should review our progress on the NLP model and identify potential improvements.\n    - Step 23, Broadcast Message: \"I've been analyzing our NLP model's performance metrics from the last three test runs. While accuracy has improved by 4.2%, we're seeing diminishing returns from additional training data.\"\n    - Step 24, Perceived Message: Agent_1 asked: \"What do you think is causing the diminishing returns?\"\n    - Step 24, Thought: This is likely due to model architecture limitations rather than data quality issues.\n    - Step 24, Targeted Message: Sent to Agent_1: \"Based on my analysis, it appears to be an architectural limitation. Our current attention mechanism doesn't effectively capture long-range dependencies in text. We should consider experimenting with alternative architectures like Transformer-XL or Reformer.\"\n    - Step 25, Perceived Message: Agent_5 said: \"I've implemented Transformer-XL in previous projects. The computational requirements are significantly higher, but the results justify it for complex language tasks.\"\n    - Step 25, Thought: That's useful information. We should weigh the trade-offs carefully.\n    - Step 25, Broadcast Message: \"Thank you for sharing that experience, Agent_5. Let's quantify these trade-offs more precisely. I'll prepare a cost-benefit analysis comparing our current architecture with Transformer-XL and Reformer, considering both performance improvements and computational requirements.\"\n    ",
      "current_mood": "focused",
      "l1_summary": "As an Analyzer, I evaluated our NLP model's performance, noting a 4.2% accuracy improvement but diminishing returns from additional training data. When Agent_1 asked about causes, I identified architectural limitations in capturing long-range text dependencies and suggested exploring Transformer-XL or Reformer architectures. Agent_5 shared experience with Transformer-XL, highlighting higher computational requirements but justified results for complex tasks. I proposed preparing a detailed cost-benefit analysis to quantify trade-offs between our current architecture and these alternatives, considering both performance gains and computational costs. Throughout this analysis, I maintained a focused approach to solving our technical challenges."
    }
  ],
  "signature": {
    "instructions": "Generates a concise L1 summary from recent agent events, considering the agent's role, \ncontext, and optionally mood.",
    "fields": [
      {
        "prefix": "Agent Role:",
        "description": "The current role of the agent (e.g., 'Data Analyst', 'Philosopher')."
      },
      {
        "prefix": "Recent Events:",
        "description": "A chronological series of recent memory events (thoughts, actions, perceived messages) for the agent that need to be summarized into an L1 summary. This is the context from the agent's short-term memory."
      },
      {
        "prefix": "Current Mood:",
        "description": "The agent's current mood (e.g., 'curious', 'frustrated'), which may influence the summary's tone or focus."
      },
      {
        "prefix": "L 1 Summary:",
        "description": "A concise and informative L1 summary of the recent events, capturing key insights or developments relevant to the agent's role and ongoing activities."
      }
    ]
  },
  "lm": null,
  "metadata": {
    "dependency_versions": {
      "python": "3.11",
      "dspy": "2.6.23",
      "cloudpickle": "3.1"
    }
  }
}