{
  "scenario_id": "mus_medium",
  "description": "Medium MUS thresholds (0.3 for both L1 and L2)",
  "agents": {
    "agent_1": {
      "l1_count": 18,
      "l2_count": 9,
      "l1_mus_avg": 0.0,
      "l2_mus_avg": 0.0,
      "l1_mus_min": 0.0,
      "l1_mus_max": 0.0,
      "l2_mus_min": 0.0,
      "l2_mus_max": 0.0,
      "memory_age_days_avg": 6.222222222222222
    },
    "agent_2": {
      "l1_count": 18,
      "l2_count": 9,
      "l1_mus_avg": 0.0,
      "l2_mus_avg": 0.0,
      "l1_mus_min": 0.0,
      "l1_mus_max": 0.0,
      "l2_mus_min": 0.0,
      "l2_mus_max": 0.0,
      "memory_age_days_avg": 6.222222222222222
    },
    "agent_3": {
      "l1_count": 18,
      "l2_count": 9,
      "l1_mus_avg": 0.0,
      "l2_mus_avg": 0.0,
      "l1_mus_min": 0.0,
      "l1_mus_max": 0.0,
      "l2_mus_min": 0.0,
      "l2_mus_max": 0.0,
      "memory_age_days_avg": 6.222222222222222
    },
    "agent_4": {
      "l1_count": 18,
      "l2_count": 9,
      "l1_mus_avg": 0.0,
      "l2_mus_avg": 0.0,
      "l1_mus_min": 0.0,
      "l1_mus_max": 0.0,
      "l2_mus_min": 0.0,
      "l2_mus_max": 0.0,
      "memory_age_days_avg": 6.222222222222222
    }
  },
  "pruning_stats": {
    "total_l1_pruned": 21,
    "total_l2_pruned": 6,
    "pruning_events": 5
  },
  "total_l1_count": 72,
  "total_l2_count": 36,
  "total_memories": 108,
  "avg_l1_mus": 0.0,
  "avg_l2_mus": 0.0
}