{
  "scenario_id": "l2_only",
  "description": "L2 MUS pruning only (medium threshold 0.3)",
  "agents": {
    "agent_1": {
      "l1_count": 30,
      "l2_count": 9,
      "l1_mus_avg": 0.0,
      "l2_mus_avg": 0.0,
      "l1_mus_min": 0.0,
      "l1_mus_max": 0.0,
      "l2_mus_min": 0.0,
      "l2_mus_max": 0.0,
      "memory_age_days_avg": 5.923076923076923
    },
    "agent_2": {
      "l1_count": 30,
      "l2_count": 9,
      "l1_mus_avg": 0.0,
      "l2_mus_avg": 0.0,
      "l1_mus_min": 0.0,
      "l1_mus_max": 0.0,
      "l2_mus_min": 0.0,
      "l2_mus_max": 0.0,
      "memory_age_days_avg": 5.923076923076923
    },
    "agent_3": {
      "l1_count": 30,
      "l2_count": 9,
      "l1_mus_avg": 0.0,
      "l2_mus_avg": 0.0,
      "l1_mus_min": 0.0,
      "l1_mus_max": 0.0,
      "l2_mus_min": 0.0,
      "l2_mus_max": 0.0,
      "memory_age_days_avg": 5.923076923076923
    },
    "agent_4": {
      "l1_count": 30,
      "l2_count": 9,
      "l1_mus_avg": 0.0,
      "l2_mus_avg": 0.0,
      "l1_mus_min": 0.0,
      "l1_mus_max": 0.0,
      "l2_mus_min": 0.0,
      "l2_mus_max": 0.0,
      "memory_age_days_avg": 5.923076923076923
    }
  },
  "pruning_stats": {
    "total_l1_pruned": 0,
    "total_l2_pruned": 6,
    "pruning_events": 2
  },
  "total_l1_count": 120,
  "total_l2_count": 36,
  "total_memories": 156,
  "avg_l1_mus": 0.0,
  "avg_l2_mus": 0.0
}