{
  "scenario_id": "l1_only",
  "description": "L1 MUS pruning only (medium threshold 0.3)",
  "agents": {
    "agent_1": {
      "l1_count": 18,
      "l2_count": 15,
      "l1_mus_avg": 0.0,
      "l2_mus_avg": 0.0,
      "l1_mus_min": 0.0,
      "l1_mus_max": 0.0,
      "l2_mus_min": 0.0,
      "l2_mus_max": 0.0,
      "memory_age_days_avg": 6.575757575757576
    },
    "agent_2": {
      "l1_count": 18,
      "l2_count": 15,
      "l1_mus_avg": 0.0,
      "l2_mus_avg": 0.0,
      "l1_mus_min": 0.0,
      "l1_mus_max": 0.0,
      "l2_mus_min": 0.0,
      "l2_mus_max": 0.0,
      "memory_age_days_avg": 6.575757575757576
    },
    "agent_3": {
      "l1_count": 18,
      "l2_count": 15,
      "l1_mus_avg": 0.0,
      "l2_mus_avg": 0.0,
      "l1_mus_min": 0.0,
      "l1_mus_max": 0.0,
      "l2_mus_min": 0.0,
      "l2_mus_max": 0.0,
      "memory_age_days_avg": 6.575757575757576
    },
    "agent_4": {
      "l1_count": 18,
      "l2_count": 15,
      "l1_mus_avg": 0.0,
      "l2_mus_avg": 0.0,
      "l1_mus_min": 0.0,
      "l1_mus_max": 0.0,
      "l2_mus_min": 0.0,
      "l2_mus_max": 0.0,
      "memory_age_days_avg": 6.575757575757576
    }
  },
  "pruning_stats": {
    "total_l1_pruned": 21,
    "total_l2_pruned": 0,
    "pruning_events": 3
  },
  "total_l1_count": 72,
  "total_l2_count": 60,
  "total_memories": 132,
  "avg_l1_mus": 0.0,
  "avg_l2_mus": 0.0
}