{
  "scenario_id": "l1_medium_l2_low",
  "agents": {
    "agent_1": {
      "queries": [
        {
          "question": "What was the first project idea discussed in this simulation?",
          "retrieved_context": "\n[1] memory_type: L1 | timestamp: 2025-05-01T10:15:30.000Z | mus: 0.330\nThe team began discussing a project focused on transformer model optimization. Agent_1 suggested using pruning techniques to reduce model size while maintaining performance.\n\n[2] memory_type: L1 | timestamp: 2025-05-01T10:18:45.000Z | mus: 0.385\nAgent_2 proposed an alternative first project: developing a specialized attention mechanism for document summarization that would be more efficient than standard approaches.\n\n[3] memory_type: L2 | timestamp: 2025-05-01T11:30:00.000Z | mus: 0.358\nThis chapter covers the initial project ideas discussed, including transformer optimization and specialized attention mechanisms. The team seemed to favor the attention mechanism approach.\n",
          "answer": "The first project idea discussed in this simulation was developing a specialized attention mechanism for document summarization, proposed by Agent_2. This was followed by Agent_1's suggestion about transformer model optimization using pruning techniques. The team initially appeared to favor the attention mechanism approach.",
          "human_evaluation_score": null
        },
        {
          "question": "What are the key insights about transformer models the team has discovered?",
          "retrieved_context": "\n[1] memory_type: L1 | timestamp: 2025-05-02T14:22:10.000Z | mus: 0.413\nDuring the discussion on transformer architecture, Agent_3 highlighted that attention heads could be pruned selectively based on their importance to specific tasks.\n\n[2] memory_type: L2 | timestamp: 2025-05-03T09:45:30.000Z | mus: 0.440\nThe team discovered that transformer models can achieve better performance on specific domains by redesigning the attention mechanisms to incorporate domain knowledge.\n\n[3] memory_type: L1 | timestamp: 2025-05-04T11:33:20.000Z | mus: 0.385\nAgent_1 presented research showing that transformer training stability improves when using a curriculum learning approach that gradually increases sequence length.\n",
          "answer": "The team has discovered several key insights about transformer models: 1) Attention heads can be selectively pruned based on their importance to specific tasks, 2) Domain-specific performance can be improved by redesigning attention mechanisms to incorporate domain knowledge, and 3) Training stability improves when using curriculum learning that gradually increases sequence length.",
          "human_evaluation_score": null
        },
        {
          "question": "What conflicts or disagreements have occurred among agents?",
          "retrieved_context": "\n[1] memory_type: L1 | timestamp: 2025-05-05T15:10:40.000Z | mus: 0.468\nAgent_2 and Agent_4 disagreed about the importance of model size versus inference speed. Agent_2 argued that smaller models are always preferable, while Agent_4 countered that accuracy should never be sacrificed.\n\n[2] memory_type: L1 | timestamp: 2025-05-06T10:05:15.000Z | mus: 0.413\nDuring the architecture discussion, Agent_1 strongly opposed Agent_3's suggestion to use a hybrid CNN-Transformer approach, claiming it would add unnecessary complexity.\n\n[3] memory_type: L2 | timestamp: 2025-05-06T16:30:00.000Z | mus: 0.440\nThis chapter documents several team disagreements, particularly regarding the tradeoffs between model size, speed, and accuracy, as well as architectural choices like whether to use hybrid approaches.\n",
          "answer": "There have been two main conflicts among agents: 1) Agent_2 and Agent_4 disagreed about prioritizing model size versus accuracy, with Agent_2 favoring smaller models and Agent_4 insisting accuracy should never be sacrificed. 2) Agent_1 and Agent_3 had a disagreement over architectural choices, with Agent_1 opposing Agent_3's suggestion to use a hybrid CNN-Transformer approach due to concerns about unnecessary complexity.",
          "human_evaluation_score": null
        }
      ]
    },
    "agent_2": {
      "queries": [
        {
          "question": "What was the first project idea discussed in this simulation?",
          "retrieved_context": "\n[1] memory_type: L1 | timestamp: 2025-05-01T10:15:30.000Z | mus: 0.330\nThe team began discussing a project focused on transformer model optimization. Agent_1 suggested using pruning techniques to reduce model size while maintaining performance.\n\n[2] memory_type: L1 | timestamp: 2025-05-01T10:18:45.000Z | mus: 0.385\nAgent_2 proposed an alternative first project: developing a specialized attention mechanism for document summarization that would be more efficient than standard approaches.\n\n[3] memory_type: L2 | timestamp: 2025-05-01T11:30:00.000Z | mus: 0.358\nThis chapter covers the initial project ideas discussed, including transformer optimization and specialized attention mechanisms. The team seemed to favor the attention mechanism approach.\n",
          "answer": "The first project idea discussed in this simulation was developing a specialized attention mechanism for document summarization, proposed by Agent_2. This was followed by Agent_1's suggestion about transformer model optimization using pruning techniques. The team initially appeared to favor the attention mechanism approach.",
          "human_evaluation_score": null
        },
        {
          "question": "What are the key insights about transformer models the team has discovered?",
          "retrieved_context": "\n[1] memory_type: L1 | timestamp: 2025-05-02T14:22:10.000Z | mus: 0.413\nDuring the discussion on transformer architecture, Agent_3 highlighted that attention heads could be pruned selectively based on their importance to specific tasks.\n\n[2] memory_type: L2 | timestamp: 2025-05-03T09:45:30.000Z | mus: 0.440\nThe team discovered that transformer models can achieve better performance on specific domains by redesigning the attention mechanisms to incorporate domain knowledge.\n\n[3] memory_type: L1 | timestamp: 2025-05-04T11:33:20.000Z | mus: 0.385\nAgent_1 presented research showing that transformer training stability improves when using a curriculum learning approach that gradually increases sequence length.\n",
          "answer": "The team has discovered several key insights about transformer models: 1) Attention heads can be selectively pruned based on their importance to specific tasks, 2) Domain-specific performance can be improved by redesigning attention mechanisms to incorporate domain knowledge, and 3) Training stability improves when using curriculum learning that gradually increases sequence length.",
          "human_evaluation_score": null
        },
        {
          "question": "What conflicts or disagreements have occurred among agents?",
          "retrieved_context": "\n[1] memory_type: L1 | timestamp: 2025-05-05T15:10:40.000Z | mus: 0.468\nAgent_2 and Agent_4 disagreed about the importance of model size versus inference speed. Agent_2 argued that smaller models are always preferable, while Agent_4 countered that accuracy should never be sacrificed.\n\n[2] memory_type: L1 | timestamp: 2025-05-06T10:05:15.000Z | mus: 0.413\nDuring the architecture discussion, Agent_1 strongly opposed Agent_3's suggestion to use a hybrid CNN-Transformer approach, claiming it would add unnecessary complexity.\n\n[3] memory_type: L2 | timestamp: 2025-05-06T16:30:00.000Z | mus: 0.440\nThis chapter documents several team disagreements, particularly regarding the tradeoffs between model size, speed, and accuracy, as well as architectural choices like whether to use hybrid approaches.\n",
          "answer": "There have been two main conflicts among agents: 1) Agent_2 and Agent_4 disagreed about prioritizing model size versus accuracy, with Agent_2 favoring smaller models and Agent_4 insisting accuracy should never be sacrificed. 2) Agent_1 and Agent_3 had a disagreement over architectural choices, with Agent_1 opposing Agent_3's suggestion to use a hybrid CNN-Transformer approach due to concerns about unnecessary complexity.",
          "human_evaluation_score": null
        }
      ]
    },
    "agent_3": {
      "queries": [
        {
          "question": "What was the first project idea discussed in this simulation?",
          "retrieved_context": "\n[1] memory_type: L1 | timestamp: 2025-05-01T10:15:30.000Z | mus: 0.330\nThe team began discussing a project focused on transformer model optimization. Agent_1 suggested using pruning techniques to reduce model size while maintaining performance.\n\n[2] memory_type: L1 | timestamp: 2025-05-01T10:18:45.000Z | mus: 0.385\nAgent_2 proposed an alternative first project: developing a specialized attention mechanism for document summarization that would be more efficient than standard approaches.\n\n[3] memory_type: L2 | timestamp: 2025-05-01T11:30:00.000Z | mus: 0.358\nThis chapter covers the initial project ideas discussed, including transformer optimization and specialized attention mechanisms. The team seemed to favor the attention mechanism approach.\n",
          "answer": "The first project idea discussed in this simulation was developing a specialized attention mechanism for document summarization, proposed by Agent_2. This was followed by Agent_1's suggestion about transformer model optimization using pruning techniques. The team initially appeared to favor the attention mechanism approach.",
          "human_evaluation_score": null
        },
        {
          "question": "What are the key insights about transformer models the team has discovered?",
          "retrieved_context": "\n[1] memory_type: L1 | timestamp: 2025-05-02T14:22:10.000Z | mus: 0.413\nDuring the discussion on transformer architecture, Agent_3 highlighted that attention heads could be pruned selectively based on their importance to specific tasks.\n\n[2] memory_type: L2 | timestamp: 2025-05-03T09:45:30.000Z | mus: 0.440\nThe team discovered that transformer models can achieve better performance on specific domains by redesigning the attention mechanisms to incorporate domain knowledge.\n\n[3] memory_type: L1 | timestamp: 2025-05-04T11:33:20.000Z | mus: 0.385\nAgent_1 presented research showing that transformer training stability improves when using a curriculum learning approach that gradually increases sequence length.\n",
          "answer": "The team has discovered several key insights about transformer models: 1) Attention heads can be selectively pruned based on their importance to specific tasks, 2) Domain-specific performance can be improved by redesigning attention mechanisms to incorporate domain knowledge, and 3) Training stability improves when using curriculum learning that gradually increases sequence length.",
          "human_evaluation_score": null
        },
        {
          "question": "What conflicts or disagreements have occurred among agents?",
          "retrieved_context": "\n[1] memory_type: L1 | timestamp: 2025-05-05T15:10:40.000Z | mus: 0.468\nAgent_2 and Agent_4 disagreed about the importance of model size versus inference speed. Agent_2 argued that smaller models are always preferable, while Agent_4 countered that accuracy should never be sacrificed.\n\n[2] memory_type: L1 | timestamp: 2025-05-06T10:05:15.000Z | mus: 0.413\nDuring the architecture discussion, Agent_1 strongly opposed Agent_3's suggestion to use a hybrid CNN-Transformer approach, claiming it would add unnecessary complexity.\n\n[3] memory_type: L2 | timestamp: 2025-05-06T16:30:00.000Z | mus: 0.440\nThis chapter documents several team disagreements, particularly regarding the tradeoffs between model size, speed, and accuracy, as well as architectural choices like whether to use hybrid approaches.\n",
          "answer": "There have been two main conflicts among agents: 1) Agent_2 and Agent_4 disagreed about prioritizing model size versus accuracy, with Agent_2 favoring smaller models and Agent_4 insisting accuracy should never be sacrificed. 2) Agent_1 and Agent_3 had a disagreement over architectural choices, with Agent_1 opposing Agent_3's suggestion to use a hybrid CNN-Transformer approach due to concerns about unnecessary complexity.",
          "human_evaluation_score": null
        }
      ]
    },
    "agent_4": {
      "queries": [
        {
          "question": "What was the first project idea discussed in this simulation?",
          "retrieved_context": "\n[1] memory_type: L1 | timestamp: 2025-05-01T10:15:30.000Z | mus: 0.330\nThe team began discussing a project focused on transformer model optimization. Agent_1 suggested using pruning techniques to reduce model size while maintaining performance.\n\n[2] memory_type: L1 | timestamp: 2025-05-01T10:18:45.000Z | mus: 0.385\nAgent_2 proposed an alternative first project: developing a specialized attention mechanism for document summarization that would be more efficient than standard approaches.\n\n[3] memory_type: L2 | timestamp: 2025-05-01T11:30:00.000Z | mus: 0.358\nThis chapter covers the initial project ideas discussed, including transformer optimization and specialized attention mechanisms. The team seemed to favor the attention mechanism approach.\n",
          "answer": "The first project idea discussed in this simulation was developing a specialized attention mechanism for document summarization, proposed by Agent_2. This was followed by Agent_1's suggestion about transformer model optimization using pruning techniques. The team initially appeared to favor the attention mechanism approach.",
          "human_evaluation_score": null
        },
        {
          "question": "What are the key insights about transformer models the team has discovered?",
          "retrieved_context": "\n[1] memory_type: L1 | timestamp: 2025-05-02T14:22:10.000Z | mus: 0.413\nDuring the discussion on transformer architecture, Agent_3 highlighted that attention heads could be pruned selectively based on their importance to specific tasks.\n\n[2] memory_type: L2 | timestamp: 2025-05-03T09:45:30.000Z | mus: 0.440\nThe team discovered that transformer models can achieve better performance on specific domains by redesigning the attention mechanisms to incorporate domain knowledge.\n\n[3] memory_type: L1 | timestamp: 2025-05-04T11:33:20.000Z | mus: 0.385\nAgent_1 presented research showing that transformer training stability improves when using a curriculum learning approach that gradually increases sequence length.\n",
          "answer": "The team has discovered several key insights about transformer models: 1) Attention heads can be selectively pruned based on their importance to specific tasks, 2) Domain-specific performance can be improved by redesigning attention mechanisms to incorporate domain knowledge, and 3) Training stability improves when using curriculum learning that gradually increases sequence length.",
          "human_evaluation_score": null
        },
        {
          "question": "What conflicts or disagreements have occurred among agents?",
          "retrieved_context": "\n[1] memory_type: L1 | timestamp: 2025-05-05T15:10:40.000Z | mus: 0.468\nAgent_2 and Agent_4 disagreed about the importance of model size versus inference speed. Agent_2 argued that smaller models are always preferable, while Agent_4 countered that accuracy should never be sacrificed.\n\n[2] memory_type: L1 | timestamp: 2025-05-06T10:05:15.000Z | mus: 0.413\nDuring the architecture discussion, Agent_1 strongly opposed Agent_3's suggestion to use a hybrid CNN-Transformer approach, claiming it would add unnecessary complexity.\n\n[3] memory_type: L2 | timestamp: 2025-05-06T16:30:00.000Z | mus: 0.440\nThis chapter documents several team disagreements, particularly regarding the tradeoffs between model size, speed, and accuracy, as well as architectural choices like whether to use hybrid approaches.\n",
          "answer": "There have been two main conflicts among agents: 1) Agent_2 and Agent_4 disagreed about prioritizing model size versus accuracy, with Agent_2 favoring smaller models and Agent_4 insisting accuracy should never be sacrificed. 2) Agent_1 and Agent_3 had a disagreement over architectural choices, with Agent_1 opposing Agent_3's suggestion to use a hybrid CNN-Transformer approach due to concerns about unnecessary complexity.",
          "human_evaluation_score": null
        }
      ]
    }
  }
}