{
  "scenario_id": "baseline",
  "description": "Baseline with standard age-based pruning only (MUS pruning disabled)",
  "agents": {
    "agent_1": {
      "l1_count": 30,
      "l2_count": 15,
      "l1_mus_avg": 0.0,
      "l2_mus_avg": 0.0,
      "l1_mus_min": 0.0,
      "l1_mus_max": 0.0,
      "l2_mus_min": 0.0,
      "l2_mus_max": 0.0,
      "memory_age_days_avg": 6.222222222222222
    },
    "agent_2": {
      "l1_count": 30,
      "l2_count": 15,
      "l1_mus_avg": 0.0,
      "l2_mus_avg": 0.0,
      "l1_mus_min": 0.0,
      "l1_mus_max": 0.0,
      "l2_mus_min": 0.0,
      "l2_mus_max": 0.0,
      "memory_age_days_avg": 6.222222222222222
    },
    "agent_3": {
      "l1_count": 30,
      "l2_count": 15,
      "l1_mus_avg": 0.0,
      "l2_mus_avg": 0.0,
      "l1_mus_min": 0.0,
      "l1_mus_max": 0.0,
      "l2_mus_min": 0.0,
      "l2_mus_max": 0.0,
      "memory_age_days_avg": 6.222222222222222
    },
    "agent_4": {
      "l1_count": 30,
      "l2_count": 15,
      "l1_mus_avg": 0.0,
      "l2_mus_avg": 0.0,
      "l1_mus_min": 0.0,
      "l1_mus_max": 0.0,
      "l2_mus_min": 0.0,
      "l2_mus_max": 0.0,
      "memory_age_days_avg": 6.222222222222222
    }
  },
  "pruning_stats": {
    "total_l1_pruned": 0,
    "total_l2_pruned": 0,
    "pruning_events": 0
  },
  "total_l1_count": 120,
  "total_l2_count": 60,
  "total_memories": 180,
  "avg_l1_mus": 0.0,
  "avg_l2_mus": 0.0
}